rep,member,SeqRecord:rep,SeqRecord:member,crispr_id:rep,crispr_id:member,crispr_info=member:crispr_id,crispr_info=member:representative_repeat_seq,crispr_info=member:repeat_mismatch,crispr_info=member:representative_repeat_length,crispr_info=member:repeat_length,crispr_info=member:spacer_seq,crispr_info=member:representative_spacer_length,crispr_info=member:spacer_length,crispr_info=member:position,crispr_info=member:%identity,crispr_info=member:left_flank,crispr_info=member:spacer_length:std,crispr_info=member:repeat_mismatch_count,crispr_info=member:repeat_mismatch_count:mean,crispr_info=member:repeat_mismatch_count:std,qseqid,stitle,sseqid,pident,evalue
known_Cas13Bt-A11_JGI_Munlanlewell138R_LiWei2022CellDiscovery,known_Cas13Bt-A11_JGI_Munlanlewell138R_LiWei2022CellDiscovery,"ID: known_Cas13Bt-A11_JGI_Munlanlewell138R_LiWei2022CellDiscovery
Name: known_Cas13Bt-A11_JGI_Munlanlewell138R_LiWei2022CellDiscovery
Description: known_Cas13Bt-A11_JGI_Munlanlewell138R_LiWei2022CellDiscovery
Number of features: 0
Seq('MGNISGEKIGIKMDNKKKGNNYSIENYKEDRFLFTAALNIAYDNCKQKGCLNIL...KKG')","ID: known_Cas13Bt-A11_JGI_Munlanlewell138R_LiWei2022CellDiscovery
Name: known_Cas13Bt-A11_JGI_Munlanlewell138R_LiWei2022CellDiscovery
Description: known_Cas13Bt-A11_JGI_Munlanlewell138R_LiWei2022CellDiscovery
Number of features: 0
Seq('MGNISGEKIGIKMDNKKKGNNYSIENYKEDRFLFTAALNIAYDNCKQKGCLNIL...KKG')",,,,,,,,,,,,,,,,,,known_Cas13Bt-A11_JGI_Munlanlewell138R_LiWei2022CellDiscovery,hypothetical protein [Sedimentisphaerales bacterium],gb|MBN1795829.1|,54.745,0.0
known_Cas13Bt-A11_JGI_Munlanlewell138R_LiWei2022CellDiscovery,mG.JGI.192505_00.fna.gz_Ga0265293_10004442_4,"ID: known_Cas13Bt-A11_JGI_Munlanlewell138R_LiWei2022CellDiscovery
Name: known_Cas13Bt-A11_JGI_Munlanlewell138R_LiWei2022CellDiscovery
Description: known_Cas13Bt-A11_JGI_Munlanlewell138R_LiWei2022CellDiscovery
Number of features: 0
Seq('MGNISGEKIGIKMDNKKKGNNYSIENYKEDRFLFTAALNIAYDNCKQKGCLNIL...KKG')","ID: mG.JGI.192505_00.fna.gz_Ga0265293_10004442_4
Name: mG.JGI.192505_00.fna.gz_Ga0265293_10004442_4
Description: mG.JGI.192505_00.fna.gz_Ga0265293_10004442_4 assembly_id@mG.JGI.192505_00.fna.gz;contig_id@Ga0265293_10004442;CDS_id@mG.JGI.192505_00.fna.gz_Ga0265293_10004442_4;CDS_start@4247;CDS_end@6853;CDS_predict_score@226.8;CDS_strand@-;CDS_phase@0;Predigal_info@ID=4|partial=00|start_type=ATG|rbs_motif=GGA/GAG/AGG|rbs_spacer=5-10bp|gc_cont=0.383|conf=99.99|score=226.84|cscore=223.08|sscore=3.76|rscore=0.72|uscore=0.26|tscore=3.44;crispr_id@mG.JGI.192505_00.fna.gz+Ga0265293_10004442+125;crispr_start@3685;crispr_end@4181;crispr_extend_start@1;crispr_extend_end@24181;repeat_seq@GCTGTGATTACCCTGCAAATCGAGGGCTGCTCCAGC;n_copies@8;n_repeats@36;n_spacers@29;overlapped_base_count@2606 ID=4442_4;partial=00;start_type=ATG;rbs_motif=GGA/GAG/AGG;rbs_spacer=5-10bp;gc_cont=0.383;HEPN-1@[span=(83, 89),target=RNYFSH];HEPN-2@[span=(162, 169),target=HRSNVNR];HEPN-3@[span=(322, 329),target=RNIKFPH];HEPN-count@3
Number of features: 0
Seq('MGNISGEKIGIKMDNKKKGNNYSIENYKEDRFLFTAALNIAYDNCKQKGCLNIL...KG*')",,mG.JGI.192505_00.fna.gz+Ga0265293_10004442+125,mG.JGI.192505_00.fna.gz+Ga0265293_10004442+125,GCTGTGATTACCCTGCAAATCGAGGGCTGCTCCAGC,...................-................,36.0,36.0,CCATTGGGTACAGAGCATCCATTGGGGACG,29.0,30.0,3685.0,97.0,TTATGCTGCT,0.48795003647426616,0.0,0.0,0.0,,,,,
known_Cas13Bt-A13_JGI_Ga0246100_LiWei2022CellDiscovery,known_Cas13Bt-A13_JGI_Ga0246100_LiWei2022CellDiscovery,"ID: known_Cas13Bt-A13_JGI_Ga0246100_LiWei2022CellDiscovery
Name: known_Cas13Bt-A13_JGI_Ga0246100_LiWei2022CellDiscovery
Description: known_Cas13Bt-A13_JGI_Ga0246100_LiWei2022CellDiscovery
Number of features: 0
Seq('MEKYLIKNFEGINKSKFTVALNIANDNCKNKGIQELLKEAQRSKGGITDTQITE...GKR')","ID: known_Cas13Bt-A13_JGI_Ga0246100_LiWei2022CellDiscovery
Name: known_Cas13Bt-A13_JGI_Ga0246100_LiWei2022CellDiscovery
Description: known_Cas13Bt-A13_JGI_Ga0246100_LiWei2022CellDiscovery
Number of features: 0
Seq('MEKYLIKNFEGINKSKFTVALNIANDNCKNKGIQELLKEAQRSKGGITDTQITE...GKR')",,,,,,,,,,,,,,,,,,known_Cas13Bt-A13_JGI_Ga0246100_LiWei2022CellDiscovery,hypothetical protein [Sedimentisphaerales bacterium],gb|MBN1795829.1|,46.525,0.0
known_Cas13Bt-A17_JGI_SalMarSW160370MG_LiWei2022CellDiscovery,known_Cas13Bt-A17_JGI_SalMarSW160370MG_LiWei2022CellDiscovery,"ID: known_Cas13Bt-A17_JGI_SalMarSW160370MG_LiWei2022CellDiscovery
Name: known_Cas13Bt-A17_JGI_SalMarSW160370MG_LiWei2022CellDiscovery
Description: known_Cas13Bt-A17_JGI_SalMarSW160370MG_LiWei2022CellDiscovery
Number of features: 0
Seq('MQTATQEQKQKQSIYSILNYQGQRKWCFAIVLNRALDNINPKRETETGKYKNKE...KRF')","ID: known_Cas13Bt-A17_JGI_SalMarSW160370MG_LiWei2022CellDiscovery
Name: known_Cas13Bt-A17_JGI_SalMarSW160370MG_LiWei2022CellDiscovery
Description: known_Cas13Bt-A17_JGI_SalMarSW160370MG_LiWei2022CellDiscovery
Number of features: 0
Seq('MQTATQEQKQKQSIYSILNYQGQRKWCFAIVLNRALDNINPKRETETGKYKNKE...KRF')",,,,,,,,,,,,,,,,,,known_Cas13Bt-A17_JGI_SalMarSW160370MG_LiWei2022CellDiscovery,hypothetical protein [Sedimentisphaerales bacterium],gb|MBN1806721.1|,30.296,1.05e-96
known_Cas13Bt-A2_NCBI-Prokaryotes_GCA_016932895.1_ASM1693289v1_LiWei2022CellDiscovery,known_Cas13Bt-A2_NCBI-Prokaryotes_GCA_016932895.1_ASM1693289v1_LiWei2022CellDiscovery,"ID: known_Cas13Bt-A2_NCBI-Prokaryotes_GCA_016932895.1_ASM1693289v1_LiWei2022CellDiscovery
Name: known_Cas13Bt-A2_NCBI-Prokaryotes_GCA_016932895.1_ASM1693289v1_LiWei2022CellDiscovery
Description: known_Cas13Bt-A2_NCBI-Prokaryotes_GCA_016932895.1_ASM1693289v1_LiWei2022CellDiscovery
Number of features: 0
Seq('MEKEQGLYSIDRYQGAGKWCFAIGANRAWDNYNERPKLFSESLLRYEKATRRDW...RKK')","ID: known_Cas13Bt-A2_NCBI-Prokaryotes_GCA_016932895.1_ASM1693289v1_LiWei2022CellDiscovery
Name: known_Cas13Bt-A2_NCBI-Prokaryotes_GCA_016932895.1_ASM1693289v1_LiWei2022CellDiscovery
Description: known_Cas13Bt-A2_NCBI-Prokaryotes_GCA_016932895.1_ASM1693289v1_LiWei2022CellDiscovery
Number of features: 0
Seq('MEKEQGLYSIDRYQGAGKWCFAIGANRAWDNYNERPKLFSESLLRYEKATRRDW...RKK')",,,,,,,,,,,,,,,,,,known_Cas13Bt-A2_NCBI-Prokaryotes_GCA_016932895.1_ASM1693289v1_LiWei2022CellDiscovery,hypothetical protein [Sedimentisphaerales bacterium],gb|MBN2131903.1|,100.0,0.0
known_Cas13Bt-A8_JGI_M271_LiWei2022CellDiscovery,known_Cas13Bt-A8_JGI_M271_LiWei2022CellDiscovery,"ID: known_Cas13Bt-A8_JGI_M271_LiWei2022CellDiscovery
Name: known_Cas13Bt-A8_JGI_M271_LiWei2022CellDiscovery
Description: known_Cas13Bt-A8_JGI_M271_LiWei2022CellDiscovery
Number of features: 0
Seq('MAVDYSLKQPFYQGVHKSCFTVPLNIAADNCKQKGYRNLLKEAQRSKGGLSDQS...FKK')","ID: known_Cas13Bt-A8_JGI_M271_LiWei2022CellDiscovery
Name: known_Cas13Bt-A8_JGI_M271_LiWei2022CellDiscovery
Description: known_Cas13Bt-A8_JGI_M271_LiWei2022CellDiscovery
Number of features: 0
Seq('MAVDYSLKQPFYQGVHKSCFTVPLNIAADNCKQKGYRNLLKEAQRSKGGLSDQS...FKK')",,,,,,,,,,,,,,,,,,known_Cas13Bt-A8_JGI_M271_LiWei2022CellDiscovery,hypothetical protein [Sedimentisphaerales bacterium],gb|MBN1795829.1|,43.85,0.0
known_Cas13a12_Lwa2Cas13a_WP_021746774.1,known_Cas13a12_Lwa2Cas13a_WP_021746774.1,"ID: known_Cas13a12_Lwa2Cas13a_WP_021746774.1
Name: known_Cas13a12_Lwa2Cas13a_WP_021746774.1
Description: known_Cas13a12_Lwa2Cas13a_WP_021746774.1 type VI-A CRISPR-associated RNA-guided ribonuclease Cas13a [Leptotrichia wadei]
Number of features: 0
Seq('MKVTKVDGISHKKYIEEGKLVKSTSEENRTSERLSELLSIRLDIYIKNPDNASE...ALE')","ID: known_Cas13a12_Lwa2Cas13a_WP_021746774.1
Name: known_Cas13a12_Lwa2Cas13a_WP_021746774.1
Description: known_Cas13a12_Lwa2Cas13a_WP_021746774.1 type VI-A CRISPR-associated RNA-guided ribonuclease Cas13a [Leptotrichia wadei]
Number of features: 0
Seq('MKVTKVDGISHKKYIEEGKLVKSTSEENRTSERLSELLSIRLDIYIKNPDNASE...ALE')",,,,,,,,,,,,,,,,,,known_Cas13a12_Lwa2Cas13a_WP_021746774.1,Cas13a/puromycin N-acetyltransferase fusion protein [Vector pAc-Cas13a],gb|QID24124.1|,100.0,0.0
known_Cas13a17_HheCas13a_CRZ35554.1,known_Cas13a17_HheCas13a_CRZ35554.1,"ID: known_Cas13a17_HheCas13a_CRZ35554.1
Name: known_Cas13a17_HheCas13a_CRZ35554.1
Description: known_Cas13a17_HheCas13a_CRZ35554.1 hypothetical protein HHT355_2368 [Herbinix hemicellulosilytica]
Number of features: 0
Seq('MKLTRRRISGNSVDQKITAAFYRDMSQGLLYYDSEDNDCTDKVIESMDFERSWR...KHT')","ID: known_Cas13a17_HheCas13a_CRZ35554.1
Name: known_Cas13a17_HheCas13a_CRZ35554.1
Description: known_Cas13a17_HheCas13a_CRZ35554.1 hypothetical protein HHT355_2368 [Herbinix hemicellulosilytica]
Number of features: 0
Seq('MKLTRRRISGNSVDQKITAAFYRDMSQGLLYYDSEDNDCTDKVIESMDFERSWR...KHT')",,,,,,,,,,,,,,,,,,known_Cas13a17_HheCas13a_CRZ35554.1,type VI-A CRISPR-associated RNA-guided ribonuclease Cas13a [Herbinix hemicellulosilytica],ref|WP_103203632.1|,100.0,0.0
known_Cas13a18_EreCas13a_WP_055061018.1,known_Cas13a18_EreCas13a_WP_055061018.1,"ID: known_Cas13a18_EreCas13a_WP_055061018.1
Name: known_Cas13a18_EreCas13a_WP_055061018.1
Description: known_Cas13a18_EreCas13a_WP_055061018.1 type VI-A CRISPR-associated RNA-guided ribonuclease Cas13a [[Eubacterium] rectale]
Number of features: 0
Seq('MLRRDKEVKKLYNVFNQIQVGTKPKKWNNDEKLSPEENERRAQQKNIKMKNYKW...LSN')","ID: known_Cas13a18_EreCas13a_WP_055061018.1
Name: known_Cas13a18_EreCas13a_WP_055061018.1
Description: known_Cas13a18_EreCas13a_WP_055061018.1 type VI-A CRISPR-associated RNA-guided ribonuclease Cas13a [[Eubacterium] rectale]
Number of features: 0
Seq('MLRRDKEVKKLYNVFNQIQVGTKPKKWNNDEKLSPEENERRAQQKNIKMKNYKW...LSN')",,,,,,,,,,,,,,,,,,known_Cas13a18_EreCas13a_WP_055061018.1,hypothetical protein T1815_05231 [[Eubacterium] rectale],emb|CRL33181.1|,100.0,0.0
known_Cas13a21_LspCas13a_WP_021744063.1,known_Cas13a21_LspCas13a_WP_021744063.1,"ID: known_Cas13a21_LspCas13a_WP_021744063.1
Name: known_Cas13a21_LspCas13a_WP_021744063.1
Description: known_Cas13a21_LspCas13a_WP_021744063.1 type VI-A CRISPR-associated RNA-guided ribonuclease Cas13a [Leptotrichia sp. oral taxon 879]
Number of features: 0
Seq('MGNLFGHKRWYEVRDKKDFKIKRKVKVKRNYDGNKYILNINENNNKEKIDNNKF...DTL')","ID: known_Cas13a21_LspCas13a_WP_021744063.1
Name: known_Cas13a21_LspCas13a_WP_021744063.1
Description: known_Cas13a21_LspCas13a_WP_021744063.1 type VI-A CRISPR-associated RNA-guided ribonuclease Cas13a [Leptotrichia sp. oral taxon 879]
Number of features: 0
Seq('MGNLFGHKRWYEVRDKKDFKIKRKVKVKRNYDGNKYILNINENNNKEKIDNNKF...DTL')",,,,,,,,,,,,,,,,,,known_Cas13a21_LspCas13a_WP_021744063.1,type VI-A CRISPR-associated RNA-guided ribonuclease Cas13a [Leptotrichia sp. oral taxon 879],ref|WP_021744063.1|,100.0,0.0
known_Cas13a5_LbnCas13a_WP_022785443.1,known_Cas13a5_LbnCas13a_WP_022785443.1,"ID: known_Cas13a5_LbnCas13a_WP_022785443.1
Name: known_Cas13a5_LbnCas13a_WP_022785443.1
Description: known_Cas13a5_LbnCas13a_WP_022785443.1 type VI-A CRISPR-associated RNA-guided ribonuclease Cas13a [Lachnospiraceae bacterium NK4A179]
Number of features: 0
Seq('MKISKVREENRGAKLTVNAKTAVVSENRSQEGILYNDPSRYGKSRKNDEDRDRY...LKN')","ID: known_Cas13a5_LbnCas13a_WP_022785443.1
Name: known_Cas13a5_LbnCas13a_WP_022785443.1
Description: known_Cas13a5_LbnCas13a_WP_022785443.1 type VI-A CRISPR-associated RNA-guided ribonuclease Cas13a [Lachnospiraceae bacterium NK4A179]
Number of features: 0
Seq('MKISKVREENRGAKLTVNAKTAVVSENRSQEGILYNDPSRYGKSRKNDEDRDRY...LKN')",,,,,,,,,,,,,,,,,,known_Cas13a5_LbnCas13a_WP_022785443.1,RecName: Full=CRISPR-associated endoribonuclease Cas13a; Short=EndoRNase; AltName: Full=LbaCas13a [Lachnospiraceae bacterium NK4A179],sp|P0DPB7.1|,100.0,0.0
known_Cas13a7_CgaCas13a_WP_034560163.1,known_Cas13a7_CgaCas13a_WP_034560163.1,"ID: known_Cas13a7_CgaCas13a_WP_034560163.1
Name: known_Cas13a7_CgaCas13a_WP_034560163.1
Description: known_Cas13a7_CgaCas13a_WP_034560163.1 type VI-A CRISPR-associated RNA-guided ribonuclease Cas13a [Carnobacterium gallinarum]
Number of features: 0
Seq('MRITKVKIKLDNKLYQVTMQKEEKYGTLKLNEESRKSTAEILRLKKASFNKSFH...QLN')","ID: known_Cas13a7_CgaCas13a_WP_034560163.1
Name: known_Cas13a7_CgaCas13a_WP_034560163.1
Description: known_Cas13a7_CgaCas13a_WP_034560163.1 type VI-A CRISPR-associated RNA-guided ribonuclease Cas13a [Carnobacterium gallinarum]
Number of features: 0
Seq('MRITKVKIKLDNKLYQVTMQKEEKYGTLKLNEESRKSTAEILRLKKASFNKSFH...QLN')",,,,,,,,,,,,,,,,,,known_Cas13a7_CgaCas13a_WP_034560163.1,type VI-A CRISPR-associated RNA-guided ribonuclease Cas13a [Carnobacterium gallinarum],ref|WP_034560163.1|,100.0,0.0
known_Cas13b4_AspCas13b_WP_047447901.1,known_Cas13b4_AspCas13b_WP_047447901.1,"ID: known_Cas13b4_AspCas13b_WP_047447901.1
Name: known_Cas13b4_AspCas13b_WP_047447901.1
Description: known_Cas13b4_AspCas13b_WP_047447901.1 hypothetical protein [Alistipes sp. ZOR0009]
Number of features: 0
Seq('MSNEIGAFREHQFAYAPGNEKQEEATFATYFNLALSNVEGMMFGEVESNPDKIE...SSQ')","ID: known_Cas13b4_AspCas13b_WP_047447901.1
Name: known_Cas13b4_AspCas13b_WP_047447901.1
Description: known_Cas13b4_AspCas13b_WP_047447901.1 hypothetical protein [Alistipes sp. ZOR0009]
Number of features: 0
Seq('MSNEIGAFREHQFAYAPGNEKQEEATFATYFNLALSNVEGMMFGEVESNPDKIE...SSQ')",,,,,,,,,,,,,,,,,,known_Cas13b4_AspCas13b_WP_047447901.1,hypothetical protein [Alistipes sp. ZOR0009],ref|WP_047447901.1|,100.0,0.0
known_Cas13b8_PsaCas13b_WP_051522484.1,known_Cas13b8_PsaCas13b_WP_051522484.1,"ID: known_Cas13b8_PsaCas13b_WP_051522484.1
Name: known_Cas13b8_PsaCas13b_WP_051522484.1
Description: known_Cas13b8_PsaCas13b_WP_051522484.1 type VI-B CRISPR-associated RNA-guided ribonuclease Cas13b [Prevotella saccharolytica]
Number of features: 0
Seq('MEDKPFWAAFFNLARHNVYLTVNHINKLLDLEKLYDEGKHKEIFEREDIFNISD...LFD')","ID: known_Cas13b8_PsaCas13b_WP_051522484.1
Name: known_Cas13b8_PsaCas13b_WP_051522484.1
Description: known_Cas13b8_PsaCas13b_WP_051522484.1 type VI-B CRISPR-associated RNA-guided ribonuclease Cas13b [Prevotella saccharolytica]
Number of features: 0
Seq('MEDKPFWAAFFNLARHNVYLTVNHINKLLDLEKLYDEGKHKEIFEREDIFNISD...LFD')",,,,,,,,,,,,,,,,,,known_Cas13b8_PsaCas13b_WP_051522484.1,type VI-B CRISPR-associated RNA-guided ribonuclease Cas13b [Hoylesella saccharolytica],ref|WP_025796877.1|,99.913,0.0
known_Cas13c5_FpeCas13c_WP_027128616.1,known_Cas13c5_FpeCas13c_WP_027128616.1,"ID: known_Cas13c5_FpeCas13c_WP_027128616.1
Name: known_Cas13c5_FpeCas13c_WP_027128616.1
Description: known_Cas13c5_FpeCas13c_WP_027128616.1 type VI-C CRISPR-associated RNA-guided ribonuclease Cas13c [Fusobacterium perfoetens]
Number of features: 0
Seq('MGKPNRSSIIKIIISNYDNKGIKEVKVRYNKQAQLDTFLIKSELKDGKFILYSI...ITL')","ID: known_Cas13c5_FpeCas13c_WP_027128616.1
Name: known_Cas13c5_FpeCas13c_WP_027128616.1
Description: known_Cas13c5_FpeCas13c_WP_027128616.1 type VI-C CRISPR-associated RNA-guided ribonuclease Cas13c [Fusobacterium perfoetens]
Number of features: 0
Seq('MGKPNRSSIIKIIISNYDNKGIKEVKVRYNKQAQLDTFLIKSELKDGKFILYSI...ITL')",,,,,,,,,,,,,,,,,,known_Cas13c5_FpeCas13c_WP_027128616.1,type VI-C CRISPR-associated RNA-guided ribonuclease Cas13c [Fusobacterium perfoetens],ref|WP_027128616.1|,100.0,0.0
known_Cas13c7_AspCas13c_WP_042678931.1,known_Cas13c7_AspCas13c_WP_042678931.1,"ID: known_Cas13c7_AspCas13c_WP_042678931.1
Name: known_Cas13c7_AspCas13c_WP_042678931.1
Description: known_Cas13c7_AspCas13c_WP_042678931.1 type VI-C CRISPR-associated RNA-guided ribonuclease Cas13c [Anaerosalibacter massiliensis]
Number of features: 0
Seq('MKSGRREKAKSNKSSIVRVIISNFDDKQVKEIKVLYTKQGGIDVIKFKSTEKDE...IVS')","ID: known_Cas13c7_AspCas13c_WP_042678931.1
Name: known_Cas13c7_AspCas13c_WP_042678931.1
Description: known_Cas13c7_AspCas13c_WP_042678931.1 type VI-C CRISPR-associated RNA-guided ribonuclease Cas13c [Anaerosalibacter massiliensis]
Number of features: 0
Seq('MKSGRREKAKSNKSSIVRVIISNFDDKQVKEIKVLYTKQGGIDVIKFKSTEKDE...IVS')",,,,,,,,,,,,,,,,,,known_Cas13c7_AspCas13c_WP_042678931.1,type VI-C CRISPR-associated RNA-guided ribonuclease Cas13c [Anaerosalibacter massiliensis],ref|WP_042678931.1|,100.0,0.0
known_Cas13d_WP_162611874.1,known_Cas13d_WP_162611874.1,"ID: known_Cas13d_WP_162611874.1
Name: known_Cas13d_WP_162611874.1
Description: known_Cas13d_WP_162611874.1 type VI-D CRISPR-associated RNA-guided ribonuclease Cas13d [Eubacterium sp. An11]
Number of features: 0
Seq('MSKKQRPKDIRKRQEEEKREKYKKQEELRKKQEELRKEQEQRREDQKELEKIKK...ENA')","ID: known_Cas13d_WP_162611874.1
Name: known_Cas13d_WP_162611874.1
Description: known_Cas13d_WP_162611874.1 type VI-D CRISPR-associated RNA-guided ribonuclease Cas13d [Eubacterium sp. An11]
Number of features: 0
Seq('MSKKQRPKDIRKRQEEEKREKYKKQEELRKKQEELRKEQEQRREDQKELEKIKK...ENA')",,,,,,,,,,,,,,,,,,known_Cas13d_WP_162611874.1,type VI-D CRISPR-associated RNA-guided ribonuclease Cas13d [Eubacterium sp. An11],ref|WP_162611874.1|,100.0,0.0
known_Cas13d_WP_286962119.1,known_Cas13d_WP_286962119.1,"ID: known_Cas13d_WP_286962119.1
Name: known_Cas13d_WP_286962119.1
Description: known_Cas13d_WP_286962119.1 type VI-D CRISPR-associated RNA-guided ribonuclease Cas13d, partial [Ruminococcus sp.]
Number of features: 0
Seq('MGDYWAGTMYKLMDFLLFCNYYRNDIAAGETLVRKLRFSMTDDEKEGLYADEAA...TEK')","ID: known_Cas13d_WP_286962119.1
Name: known_Cas13d_WP_286962119.1
Description: known_Cas13d_WP_286962119.1 type VI-D CRISPR-associated RNA-guided ribonuclease Cas13d, partial [Ruminococcus sp.]
Number of features: 0
Seq('MGDYWAGTMYKLMDFLLFCNYYRNDIAAGETLVRKLRFSMTDDEKEGLYADEAA...TEK')",,,,,,,,,,,,,,,,,,known_Cas13d_WP_286962119.1,"type VI-D CRISPR-associated RNA-guided ribonuclease Cas13d, partial [Ruminococcus sp.]",ref|WP_286962119.1|,100.0,0.0
known_Cas13d_WP_287925401.1,known_Cas13d_WP_287925401.1,"ID: known_Cas13d_WP_287925401.1
Name: known_Cas13d_WP_287925401.1
Description: known_Cas13d_WP_287925401.1 type VI-D CRISPR-associated RNA-guided ribonuclease Cas13d, partial [Ruminococcus sp.]
Number of features: 0
Seq('CFLDGKEINDLLTNIISKLQVIEDHNNVIKAIANNNDAVYKDYSDKYAVFKNSG...LNI')","ID: known_Cas13d_WP_287925401.1
Name: known_Cas13d_WP_287925401.1
Description: known_Cas13d_WP_287925401.1 type VI-D CRISPR-associated RNA-guided ribonuclease Cas13d, partial [Ruminococcus sp.]
Number of features: 0
Seq('CFLDGKEINDLLTNIISKLQVIEDHNNVIKAIANNNDAVYKDYSDKYAVFKNSG...LNI')",,,,,,,,,,,,,,,,,,known_Cas13d_WP_287925401.1,"type VI-D CRISPR-associated RNA-guided ribonuclease Cas13d, partial [Ruminococcus sp.]",ref|WP_287925401.1|,100.0,0.0
known_Cas13d_WP_287932746.1,known_Cas13d_WP_287932746.1,"ID: known_Cas13d_WP_287932746.1
Name: known_Cas13d_WP_287932746.1
Description: known_Cas13d_WP_287932746.1 type VI-D CRISPR-associated RNA-guided ribonuclease Cas13d, partial [Ruminococcus sp.]
Number of features: 0
Seq('NRLAKNKHLVKFVLDQIPHKQIDSYYNSVSTVEEPSYKGKIQLLTKKITGLNFY...LNI')","ID: known_Cas13d_WP_287932746.1
Name: known_Cas13d_WP_287932746.1
Description: known_Cas13d_WP_287932746.1 type VI-D CRISPR-associated RNA-guided ribonuclease Cas13d, partial [Ruminococcus sp.]
Number of features: 0
Seq('NRLAKNKHLVKFVLDQIPHKQIDSYYNSVSTVEEPSYKGKIQLLTKKITGLNFY...LNI')",,,,,,,,,,,,,,,,,,known_Cas13d_WP_287932746.1,"type VI-D CRISPR-associated RNA-guided ribonuclease Cas13d, partial [Ruminococcus sp.]",ref|WP_287925401.1|,100.0,0.0
known_Cas13d_WP_303825785.1,known_Cas13d_WP_303825785.1,"ID: known_Cas13d_WP_303825785.1
Name: known_Cas13d_WP_303825785.1
Description: known_Cas13d_WP_303825785.1 type VI-D CRISPR-associated RNA-guided ribonuclease Cas13d [Ruminococcus flavefaciens]
Number of features: 0
Seq('MKKKVKARDLREAKKQEKITAYSAAAKTAVGDKAAVKAKPVRPVEAASTEKMVC...RNA')","ID: known_Cas13d_WP_303825785.1
Name: known_Cas13d_WP_303825785.1
Description: known_Cas13d_WP_303825785.1 type VI-D CRISPR-associated RNA-guided ribonuclease Cas13d [Ruminococcus flavefaciens]
Number of features: 0
Seq('MKKKVKARDLREAKKQEKITAYSAAAKTAVGDKAAVKAKPVRPVEAASTEKMVC...RNA')",,,,,,,,,,,,,,,,,,known_Cas13d_WP_303825785.1,type VI-D CRISPR-associated RNA-guided ribonuclease Cas13d [Ruminococcus sp.],gb|MBR3282944.1|,68.382,0.0
known_Cas13e5_JGI_SI_124_October20_6_LiWei2022CellDiscovery,known_Cas13e5_JGI_SI_124_October20_6_LiWei2022CellDiscovery,"ID: known_Cas13e5_JGI_SI_124_October20_6_LiWei2022CellDiscovery
Name: known_Cas13e5_JGI_SI_124_October20_6_LiWei2022CellDiscovery
Description: known_Cas13e5_JGI_SI_124_October20_6_LiWei2022CellDiscovery
Number of features: 0
Seq('MIDSFKDGFTLKQFVAFTLAANWAFDQHNNDQHNNLINTQHFYNLVKKNMKFKG...DKS')","ID: known_Cas13e5_JGI_SI_124_October20_6_LiWei2022CellDiscovery
Name: known_Cas13e5_JGI_SI_124_October20_6_LiWei2022CellDiscovery
Description: known_Cas13e5_JGI_SI_124_October20_6_LiWei2022CellDiscovery
Number of features: 0
Seq('MIDSFKDGFTLKQFVAFTLAANWAFDQHNNDQHNNLINTQHFYNLVKKNMKFKG...DKS')",,,,,,,,,,,,,,,,,,known_Cas13e5_JGI_SI_124_October20_6_LiWei2022CellDiscovery,hypothetical protein [Bdellovibrionales bacterium],gb|MDE0119637.1|,26.016,1.23e-65
known_Cas13e6_NCBI-Prokaryotes_GCA_014332745.1_ASM1433274v1_LiWei2022CellDiscovery,known_Cas13e6_NCBI-Prokaryotes_GCA_014332745.1_ASM1433274v1_LiWei2022CellDiscovery,"ID: known_Cas13e6_NCBI-Prokaryotes_GCA_014332745.1_ASM1433274v1_LiWei2022CellDiscovery
Name: known_Cas13e6_NCBI-Prokaryotes_GCA_014332745.1_ASM1433274v1_LiWei2022CellDiscovery
Description: known_Cas13e6_NCBI-Prokaryotes_GCA_014332745.1_ASM1433274v1_LiWei2022CellDiscovery
Number of features: 0
Seq('MNHDVAHSHIKDDVTLRQAAAFTLASNWAHQQHKGVLASVHGESLYRYALPVDE...KTR')","ID: known_Cas13e6_NCBI-Prokaryotes_GCA_014332745.1_ASM1433274v1_LiWei2022CellDiscovery
Name: known_Cas13e6_NCBI-Prokaryotes_GCA_014332745.1_ASM1433274v1_LiWei2022CellDiscovery
Description: known_Cas13e6_NCBI-Prokaryotes_GCA_014332745.1_ASM1433274v1_LiWei2022CellDiscovery
Number of features: 0
Seq('MNHDVAHSHIKDDVTLRQAAAFTLASNWAHQQHKGVLASVHGESLYRYALPVDE...KTR')",,,,,,,,,,,,,,,,,,known_Cas13e6_NCBI-Prokaryotes_GCA_014332745.1_ASM1433274v1_LiWei2022CellDiscovery,hypothetical protein [Alphaproteobacteria bacterium GM7ARS4],gb|MBC6497408.1|,100.0,0.0
known_Cas13e7_JGI_B11_SRodWell667_LiWei2022CellDiscovery,known_Cas13e7_JGI_B11_SRodWell667_LiWei2022CellDiscovery,"ID: known_Cas13e7_JGI_B11_SRodWell667_LiWei2022CellDiscovery
Name: known_Cas13e7_JGI_B11_SRodWell667_LiWei2022CellDiscovery
Description: known_Cas13e7_JGI_B11_SRodWell667_LiWei2022CellDiscovery
Number of features: 0
Seq('MQDRQVKREPFKDGFYLKEYAAFAIAAHNAHLACIKCATSILETEFFAKRYFPL...QKN')","ID: known_Cas13e7_JGI_B11_SRodWell667_LiWei2022CellDiscovery
Name: known_Cas13e7_JGI_B11_SRodWell667_LiWei2022CellDiscovery
Description: known_Cas13e7_JGI_B11_SRodWell667_LiWei2022CellDiscovery
Number of features: 0
Seq('MQDRQVKREPFKDGFYLKEYAAFAIAAHNAHLACIKCATSILETEFFAKRYFPL...QKN')",,,,,,,,,,,,,,,,,,known_Cas13e7_JGI_B11_SRodWell667_LiWei2022CellDiscovery,hypothetical protein [Oligoflexia bacterium],gb|MCZ0932804.1|,21.516,0.45
known_Cas13f12_JGI_OWC_Aug_T1_C1_D5_LiWei2022CellDiscovery,known_Cas13f12_JGI_OWC_Aug_T1_C1_D5_LiWei2022CellDiscovery,"ID: known_Cas13f12_JGI_OWC_Aug_T1_C1_D5_LiWei2022CellDiscovery
Name: known_Cas13f12_JGI_OWC_Aug_T1_C1_D5_LiWei2022CellDiscovery
Description: known_Cas13f12_JGI_OWC_Aug_T1_C1_D5_LiWei2022CellDiscovery
Number of features: 0
Seq('MEENINKKNDANPFGLFFNEKAYIGSHAMKAEINFLSNNNTFKISGANDVENDN...ELL')","ID: known_Cas13f12_JGI_OWC_Aug_T1_C1_D5_LiWei2022CellDiscovery
Name: known_Cas13f12_JGI_OWC_Aug_T1_C1_D5_LiWei2022CellDiscovery
Description: known_Cas13f12_JGI_OWC_Aug_T1_C1_D5_LiWei2022CellDiscovery
Number of features: 0
Seq('MEENINKKNDANPFGLFFNEKAYIGSHAMKAEINFLSNNNTFKISGANDVENDN...ELL')",,,,,,,,,,,,,,,,,,known_Cas13f12_JGI_OWC_Aug_T1_C1_D5_LiWei2022CellDiscovery,hypothetical protein [Reichenbachiella agariperforans],ref|WP_073124441.1|,37.167,0.0
known_Cas13f14_NCBI-Prokaryotes_GCA_011759375.1_ASM1175937v1_LiWei2022CellDiscovery,known_Cas13f14_NCBI-Prokaryotes_GCA_011759375.1_ASM1175937v1_LiWei2022CellDiscovery,"ID: known_Cas13f14_NCBI-Prokaryotes_GCA_011759375.1_ASM1175937v1_LiWei2022CellDiscovery
Name: known_Cas13f14_NCBI-Prokaryotes_GCA_011759375.1_ASM1175937v1_LiWei2022CellDiscovery
Description: known_Cas13f14_NCBI-Prokaryotes_GCA_011759375.1_ASM1175937v1_LiWei2022CellDiscovery
Number of features: 0
Seq('MSEVHHQLICQSFHAIFSNKGYMGSIAEKAKINYQTKGGHKVNKQNRLHYFAIG...QHG')","ID: known_Cas13f14_NCBI-Prokaryotes_GCA_011759375.1_ASM1175937v1_LiWei2022CellDiscovery
Name: known_Cas13f14_NCBI-Prokaryotes_GCA_011759375.1_ASM1175937v1_LiWei2022CellDiscovery
Description: known_Cas13f14_NCBI-Prokaryotes_GCA_011759375.1_ASM1175937v1_LiWei2022CellDiscovery
Number of features: 0
Seq('MSEVHHQLICQSFHAIFSNKGYMGSIAEKAKINYQTKGGHKVNKQNRLHYFAIG...QHG')",,,,,,,,,,,,,,,,,,known_Cas13f14_NCBI-Prokaryotes_GCA_011759375.1_ASM1175937v1_LiWei2022CellDiscovery,hypothetical protein [Paraflavitalea devenefica],ref|WP_167291299.1|,100.0,0.0
known_Cas13f21_NCBI-Prokaryotes_GCA_007474545.1_ASM747454v1_LiWei2022CellDiscovery,known_Cas13f21_NCBI-Prokaryotes_GCA_007474545.1_ASM747454v1_LiWei2022CellDiscovery,"ID: known_Cas13f21_NCBI-Prokaryotes_GCA_007474545.1_ASM747454v1_LiWei2022CellDiscovery
Name: known_Cas13f21_NCBI-Prokaryotes_GCA_007474545.1_ASM747454v1_LiWei2022CellDiscovery
Description: known_Cas13f21_NCBI-Prokaryotes_GCA_007474545.1_ASM747454v1_LiWei2022CellDiscovery
Number of features: 0
Seq('MSTLFTNQKKIEENFISIFNNKGIIGSVAEKAMNNYQQKKQSRTDAASNQQLHY...KIL')","ID: known_Cas13f21_NCBI-Prokaryotes_GCA_007474545.1_ASM747454v1_LiWei2022CellDiscovery
Name: known_Cas13f21_NCBI-Prokaryotes_GCA_007474545.1_ASM747454v1_LiWei2022CellDiscovery
Description: known_Cas13f21_NCBI-Prokaryotes_GCA_007474545.1_ASM747454v1_LiWei2022CellDiscovery
Number of features: 0
Seq('MSTLFTNQKKIEENFISIFNNKGIIGSVAEKAMNNYQQKKQSRTDAASNQQLHY...KIL')",,,,,,,,,,,,,,,,,,known_Cas13f21_NCBI-Prokaryotes_GCA_007474545.1_ASM747454v1_LiWei2022CellDiscovery,hypothetical protein [Chryseobacterium binzhouense],ref|WP_143884530.1|,100.0,0.0
known_Cas13f2_NCBI-GenBank_NMA74937.1_LiWei2022CellDiscovery,known_Cas13f2_NCBI-GenBank_NMA74937.1_LiWei2022CellDiscovery,"ID: known_Cas13f2_NCBI-GenBank_NMA74937.1_LiWei2022CellDiscovery
Name: known_Cas13f2_NCBI-GenBank_NMA74937.1_LiWei2022CellDiscovery
Description: known_Cas13f2_NCBI-GenBank_NMA74937.1_LiWei2022CellDiscovery
Number of features: 0
Seq('MKQKLDFIFKNKGKLCAFAEKAVKNKTKIGKLVKDTEETKKLLHYFAIGHQFKN...NGV')","ID: known_Cas13f2_NCBI-GenBank_NMA74937.1_LiWei2022CellDiscovery
Name: known_Cas13f2_NCBI-GenBank_NMA74937.1_LiWei2022CellDiscovery
Description: known_Cas13f2_NCBI-GenBank_NMA74937.1_LiWei2022CellDiscovery
Number of features: 0
Seq('MKQKLDFIFKNKGKLCAFAEKAVKNKTKIGKLVKDTEETKKLLHYFAIGHQFKN...NGV')",,,,,,,,,,,,,,,,,,known_Cas13f2_NCBI-GenBank_NMA74937.1_LiWei2022CellDiscovery,hypothetical protein [Bacteroidales bacterium],gb|NMA74937.1|,100.0,0.0
known_Cas13f5_NCBI-Prokaryotes_GCA_002484335.1_ASM248433v1_LiWei2022CellDiscovery,known_Cas13f5_NCBI-Prokaryotes_GCA_002484335.1_ASM248433v1_LiWei2022CellDiscovery,"ID: known_Cas13f5_NCBI-Prokaryotes_GCA_002484335.1_ASM248433v1_LiWei2022CellDiscovery
Name: known_Cas13f5_NCBI-Prokaryotes_GCA_002484335.1_ASM248433v1_LiWei2022CellDiscovery
Description: known_Cas13f5_NCBI-Prokaryotes_GCA_002484335.1_ASM248433v1_LiWei2022CellDiscovery
Number of features: 0
Seq('MESEKQFRTIFNNKGNIGPIAEKAKRNFDLILKNEHSKTERIYHFCIGHTFKNI...SLK')","ID: known_Cas13f5_NCBI-Prokaryotes_GCA_002484335.1_ASM248433v1_LiWei2022CellDiscovery
Name: known_Cas13f5_NCBI-Prokaryotes_GCA_002484335.1_ASM248433v1_LiWei2022CellDiscovery
Description: known_Cas13f5_NCBI-Prokaryotes_GCA_002484335.1_ASM248433v1_LiWei2022CellDiscovery
Number of features: 0
Seq('MESEKQFRTIFNNKGNIGPIAEKAKRNFDLILKNEHSKTERIYHFCIGHTFKNI...SLK')",,,,,,,,,,,,,,,,,,known_Cas13f5_NCBI-Prokaryotes_GCA_002484335.1_ASM248433v1_LiWei2022CellDiscovery,hypothetical protein [Reichenbachiella agariperforans],ref|WP_073124441.1|,44.852,0.0
known_Cas13f6_JGI_TSFL090MetaG_LiWei2022CellDiscovery,known_Cas13f6_JGI_TSFL090MetaG_LiWei2022CellDiscovery,"ID: known_Cas13f6_JGI_TSFL090MetaG_LiWei2022CellDiscovery
Name: known_Cas13f6_JGI_TSFL090MetaG_LiWei2022CellDiscovery
Description: known_Cas13f6_JGI_TSFL090MetaG_LiWei2022CellDiscovery
Number of features: 0
Seq('MDQLINQTMVASFKKIFDHKGYIAPIVNKAWDNFNVINKNSVNKVEDVYHFAVG...VGK')","ID: known_Cas13f6_JGI_TSFL090MetaG_LiWei2022CellDiscovery
Name: known_Cas13f6_JGI_TSFL090MetaG_LiWei2022CellDiscovery
Description: known_Cas13f6_JGI_TSFL090MetaG_LiWei2022CellDiscovery
Number of features: 0
Seq('MDQLINQTMVASFKKIFDHKGYIAPIVNKAWDNFNVINKNSVNKVEDVYHFAVG...VGK')",,,,,,,,,,,,,,,,,,known_Cas13f6_JGI_TSFL090MetaG_LiWei2022CellDiscovery,hypothetical protein [Reichenbachiella agariperforans],ref|WP_073124441.1|,47.005,0.0
known_Cas13g3_NCBI-GenBank_WP_126977981.1_LiWei2022CellDiscovery,known_Cas13g3_NCBI-GenBank_WP_126977981.1_LiWei2022CellDiscovery,"ID: known_Cas13g3_NCBI-GenBank_WP_126977981.1_LiWei2022CellDiscovery
Name: known_Cas13g3_NCBI-GenBank_WP_126977981.1_LiWei2022CellDiscovery
Description: known_Cas13g3_NCBI-GenBank_WP_126977981.1_LiWei2022CellDiscovery
Number of features: 0
Seq('MKRNAPQRSQMAEQLQQLSQSPQAAGLIKQTSHSASPQKPYSARPSNNSDPRSP...PKP')","ID: known_Cas13g3_NCBI-GenBank_WP_126977981.1_LiWei2022CellDiscovery
Name: known_Cas13g3_NCBI-GenBank_WP_126977981.1_LiWei2022CellDiscovery
Description: known_Cas13g3_NCBI-GenBank_WP_126977981.1_LiWei2022CellDiscovery
Number of features: 0
Seq('MKRNAPQRSQMAEQLQQLSQSPQAAGLIKQTSHSASPQKPYSARPSNNSDPRSP...PKP')",,,,,,,,,,,,,,,,,,known_Cas13g3_NCBI-GenBank_WP_126977981.1_LiWei2022CellDiscovery,hypothetical protein [Saezia sanguinis],ref|WP_126977981.1|,100.0,0.0
known_Cas13h1_JGI_NGESurdeep092012_2_LiWei2022CellDiscovery,known_Cas13h1_JGI_NGESurdeep092012_2_LiWei2022CellDiscovery,"ID: known_Cas13h1_JGI_NGESurdeep092012_2_LiWei2022CellDiscovery
Name: known_Cas13h1_JGI_NGESurdeep092012_2_LiWei2022CellDiscovery
Description: known_Cas13h1_JGI_NGESurdeep092012_2_LiWei2022CellDiscovery
Number of features: 0
Seq('MDTPSKESSGKIIEKLDELKKATQESIEQRKKFDYRIGKGLADKLGNEKDSYFE...KTM')","ID: known_Cas13h1_JGI_NGESurdeep092012_2_LiWei2022CellDiscovery
Name: known_Cas13h1_JGI_NGESurdeep092012_2_LiWei2022CellDiscovery
Description: known_Cas13h1_JGI_NGESurdeep092012_2_LiWei2022CellDiscovery
Number of features: 0
Seq('MDTPSKESSGKIIEKLDELKKATQESIEQRKKFDYRIGKGLADKLGNEKDSYFE...KTM')",,,,,,,,,,,,,,,,,,known_Cas13h1_JGI_NGESurdeep092012_2_LiWei2022CellDiscovery,hypothetical protein [Taibaiella sp.],gb|MBX2907971.1|,36.926,0.0
known_Cas13h3_NCBI-Prokaryotes_GCA_019638495.1_ASM1963849v1_LiWei2022CellDiscovery,known_Cas13h3_NCBI-Prokaryotes_GCA_019638495.1_ASM1963849v1_LiWei2022CellDiscovery,"ID: known_Cas13h3_NCBI-Prokaryotes_GCA_019638495.1_ASM1963849v1_LiWei2022CellDiscovery
Name: known_Cas13h3_NCBI-Prokaryotes_GCA_019638495.1_ASM1963849v1_LiWei2022CellDiscovery
Description: known_Cas13h3_NCBI-Prokaryotes_GCA_019638495.1_ASM1963849v1_LiWei2022CellDiscovery
Number of features: 0
Seq('MGKTESLKQQTKENVEGRKDFSPAIPGKFRSVENYHSKYLRKSVEPFSVPTEFV...ANS')","ID: known_Cas13h3_NCBI-Prokaryotes_GCA_019638495.1_ASM1963849v1_LiWei2022CellDiscovery
Name: known_Cas13h3_NCBI-Prokaryotes_GCA_019638495.1_ASM1963849v1_LiWei2022CellDiscovery
Description: known_Cas13h3_NCBI-Prokaryotes_GCA_019638495.1_ASM1963849v1_LiWei2022CellDiscovery
Number of features: 0
Seq('MGKTESLKQQTKENVEGRKDFSPAIPGKFRSVENYHSKYLRKSVEPFSVPTEFV...ANS')",,,,,,,,,,,,,,,,,,known_Cas13h3_NCBI-Prokaryotes_GCA_019638495.1_ASM1963849v1_LiWei2022CellDiscovery,hypothetical protein [Taibaiella sp.],gb|MBX2907971.1|,100.0,0.0
known_Cas13h4_JGI_Cruoilmetagenom1_LiWei2022CellDiscovery,known_Cas13h4_JGI_Cruoilmetagenom1_LiWei2022CellDiscovery,"ID: known_Cas13h4_JGI_Cruoilmetagenom1_LiWei2022CellDiscovery
Name: known_Cas13h4_JGI_Cruoilmetagenom1_LiWei2022CellDiscovery
Description: known_Cas13h4_JGI_Cruoilmetagenom1_LiWei2022CellDiscovery
Number of features: 0
Seq('MLSFAFNMALENYQNMRPNTHVKAIPNLSDLSDMLVRFFSNKYYNNIEDITEAN...TEE')","ID: known_Cas13h4_JGI_Cruoilmetagenom1_LiWei2022CellDiscovery
Name: known_Cas13h4_JGI_Cruoilmetagenom1_LiWei2022CellDiscovery
Description: known_Cas13h4_JGI_Cruoilmetagenom1_LiWei2022CellDiscovery
Number of features: 0
Seq('MLSFAFNMALENYQNMRPNTHVKAIPNLSDLSDMLVRFFSNKYYNNIEDITEAN...TEE')",,,,,,,,,,,,,,,,,,known_Cas13h4_JGI_Cruoilmetagenom1_LiWei2022CellDiscovery,hypothetical protein [Chlorobiota bacterium],gb|NPA44551.1|,46.361,0.0
known_Cas13h6_JGI_Ga0016880_LiWei2022CellDiscovery,known_Cas13h6_JGI_Ga0016880_LiWei2022CellDiscovery,"ID: known_Cas13h6_JGI_Ga0016880_LiWei2022CellDiscovery
Name: known_Cas13h6_JGI_Ga0016880_LiWei2022CellDiscovery
Description: known_Cas13h6_JGI_Ga0016880_LiWei2022CellDiscovery
Number of features: 0
Seq('MTINQLNTLTNQTFNELKNKHYNNIVIEAESDSKKKSYRPAQMVILSLAFNMAF...KKK')","ID: known_Cas13h6_JGI_Ga0016880_LiWei2022CellDiscovery
Name: known_Cas13h6_JGI_Ga0016880_LiWei2022CellDiscovery
Description: known_Cas13h6_JGI_Ga0016880_LiWei2022CellDiscovery
Number of features: 0
Seq('MTINQLNTLTNQTFNELKNKHYNNIVIEAESDSKKKSYRPAQMVILSLAFNMAF...KKK')",,,,,,,,,,,,,,,,,,known_Cas13h6_JGI_Ga0016880_LiWei2022CellDiscovery,hypothetical protein [Chlorobiota bacterium],gb|NPA44551.1|,36.237,6.08e-155
known_Cas13h7_JGI_BONcelFG500002K5_LiWei2022CellDiscovery,known_Cas13h7_JGI_BONcelFG500002K5_LiWei2022CellDiscovery,"ID: known_Cas13h7_JGI_BONcelFG500002K5_LiWei2022CellDiscovery
Name: known_Cas13h7_JGI_BONcelFG500002K5_LiWei2022CellDiscovery
Description: known_Cas13h7_JGI_BONcelFG500002K5_LiWei2022CellDiscovery
Number of features: 0
Seq('MESNFDKLLTSTVNHLKEKKYLFKPIITKKRRDGSEIINESGNPVLIKTNPTPH...KNG')","ID: known_Cas13h7_JGI_BONcelFG500002K5_LiWei2022CellDiscovery
Name: known_Cas13h7_JGI_BONcelFG500002K5_LiWei2022CellDiscovery
Description: known_Cas13h7_JGI_BONcelFG500002K5_LiWei2022CellDiscovery
Number of features: 0
Seq('MESNFDKLLTSTVNHLKEKKYLFKPIITKKRRDGSEIINESGNPVLIKTNPTPH...KNG')",,,,,,,,,,,,,,,,,,known_Cas13h7_JGI_BONcelFG500002K5_LiWei2022CellDiscovery,hypothetical protein [Chlorobiota bacterium],gb|NPA44551.1|,36.913,1.49e-179
known_Cas13i13_JGI_EllFjometagen129_2_LiWei2022CellDiscovery,known_Cas13i13_JGI_EllFjometagen129_2_LiWei2022CellDiscovery,"ID: known_Cas13i13_JGI_EllFjometagen129_2_LiWei2022CellDiscovery
Name: known_Cas13i13_JGI_EllFjometagen129_2_LiWei2022CellDiscovery
Description: known_Cas13i13_JGI_EllFjometagen129_2_LiWei2022CellDiscovery
Number of features: 0
Seq('MIKTFSPMRKNYHSKTKTPISVDELFTGAKTPEYAVFYNIAYWWISDMLKRLYK...NKG')","ID: known_Cas13i13_JGI_EllFjometagen129_2_LiWei2022CellDiscovery
Name: known_Cas13i13_JGI_EllFjometagen129_2_LiWei2022CellDiscovery
Description: known_Cas13i13_JGI_EllFjometagen129_2_LiWei2022CellDiscovery
Number of features: 0
Seq('MIKTFSPMRKNYHSKTKTPISVDELFTGAKTPEYAVFYNIAYWWISDMLKRLYK...NKG')",,,,,,,,,,,,,,,,,,known_Cas13i13_JGI_EllFjometagen129_2_LiWei2022CellDiscovery,hypothetical protein [Bacteroidales bacterium],tpg|HAF28485.1|,75.159,0.0
known_Cas13i18_NCBI-Prokaryotes_GCA_001870995.2_ASM187099v2_LiWei2022CellDiscovery,known_Cas13i18_NCBI-Prokaryotes_GCA_001870995.2_ASM187099v2_LiWei2022CellDiscovery,"ID: known_Cas13i18_NCBI-Prokaryotes_GCA_001870995.2_ASM187099v2_LiWei2022CellDiscovery
Name: known_Cas13i18_NCBI-Prokaryotes_GCA_001870995.2_ASM187099v2_LiWei2022CellDiscovery
Description: known_Cas13i18_NCBI-Prokaryotes_GCA_001870995.2_ASM187099v2_LiWei2022CellDiscovery
Number of features: 0
Seq('MHPKKSGSAPTAYEAFTDFGDKTADLAIYYNIAVANLNEIRKAINASTANPDTQ...GNG')","ID: known_Cas13i18_NCBI-Prokaryotes_GCA_001870995.2_ASM187099v2_LiWei2022CellDiscovery
Name: known_Cas13i18_NCBI-Prokaryotes_GCA_001870995.2_ASM187099v2_LiWei2022CellDiscovery
Description: known_Cas13i18_NCBI-Prokaryotes_GCA_001870995.2_ASM187099v2_LiWei2022CellDiscovery
Number of features: 0
Seq('MHPKKSGSAPTAYEAFTDFGDKTADLAIYYNIAVANLNEIRKAINASTANPDTQ...GNG')",,,,,,,,,,,,,,,,,,known_Cas13i18_NCBI-Prokaryotes_GCA_001870995.2_ASM187099v2_LiWei2022CellDiscovery,hypothetical protein [Chitinophaga sp. CB10],ref|WP_291912176.1|,100.0,0.0
known_Cas13i19_JGI_IMG_3300029894_198538_LiWei2022CellDiscovery,known_Cas13i19_JGI_IMG_3300029894_198538_LiWei2022CellDiscovery,"ID: known_Cas13i19_JGI_IMG_3300029894_198538_LiWei2022CellDiscovery
Name: known_Cas13i19_JGI_IMG_3300029894_198538_LiWei2022CellDiscovery
Description: known_Cas13i19_JGI_IMG_3300029894_198538_LiWei2022CellDiscovery
Number of features: 0
Seq('MASAAPFVQNNSGYKRESRPPRTPTQKEVFTGGKVDYTELTVFFNIAYFRLAGV...KTP')","ID: known_Cas13i19_JGI_IMG_3300029894_198538_LiWei2022CellDiscovery
Name: known_Cas13i19_JGI_IMG_3300029894_198538_LiWei2022CellDiscovery
Description: known_Cas13i19_JGI_IMG_3300029894_198538_LiWei2022CellDiscovery
Number of features: 0
Seq('MASAAPFVQNNSGYKRESRPPRTPTQKEVFTGGKVDYTELTVFFNIAYFRLAGV...KTP')",,,,,,,,,,,,,,,,,,known_Cas13i19_JGI_IMG_3300029894_198538_LiWei2022CellDiscovery,hypothetical protein [Arcicella rosea],ref|WP_184135274.1|,43.634,0.0
known_Cas13i20_JGI_MAT06_LiWei2022CellDiscovery,known_Cas13i20_JGI_MAT06_LiWei2022CellDiscovery,"ID: known_Cas13i20_JGI_MAT06_LiWei2022CellDiscovery
Name: known_Cas13i20_JGI_MAT06_LiWei2022CellDiscovery
Description: known_Cas13i20_JGI_MAT06_LiWei2022CellDiscovery
Number of features: 0
Seq('MSNNFRTQSTHRPPHLQKTTPPSKLETWTGGKRPELAVFYNVAYFRIAGMLSHY...EGK')","ID: known_Cas13i20_JGI_MAT06_LiWei2022CellDiscovery
Name: known_Cas13i20_JGI_MAT06_LiWei2022CellDiscovery
Description: known_Cas13i20_JGI_MAT06_LiWei2022CellDiscovery
Number of features: 0
Seq('MSNNFRTQSTHRPPHLQKTTPPSKLETWTGGKRPELAVFYNVAYFRIAGMLSHY...EGK')",,,,,,,,,,,,,,,,,,known_Cas13i20_JGI_MAT06_LiWei2022CellDiscovery,hypothetical protein [Arcicella rosea],ref|WP_184135274.1|,35.3,1.14e-173
known_Cas13i22_JGI_Alteio_BWMinHeat_23_LiWei2022CellDiscovery,known_Cas13i22_JGI_Alteio_BWMinHeat_23_LiWei2022CellDiscovery,"ID: known_Cas13i22_JGI_Alteio_BWMinHeat_23_LiWei2022CellDiscovery
Name: known_Cas13i22_JGI_Alteio_BWMinHeat_23_LiWei2022CellDiscovery
Description: known_Cas13i22_JGI_Alteio_BWMinHeat_23_LiWei2022CellDiscovery
Number of features: 0
Seq('MYNKPNGSPEPFDLFTGGKLPELAIAFNLAYDNIEKYIRTIQSFEEPLNNIDKL...EEA')","ID: known_Cas13i22_JGI_Alteio_BWMinHeat_23_LiWei2022CellDiscovery
Name: known_Cas13i22_JGI_Alteio_BWMinHeat_23_LiWei2022CellDiscovery
Description: known_Cas13i22_JGI_Alteio_BWMinHeat_23_LiWei2022CellDiscovery
Number of features: 0
Seq('MYNKPNGSPEPFDLFTGGKLPELAIAFNLAYDNIEKYIRTIQSFEEPLNNIDKL...EEA')",,,,,,,,,,,,,,,,,,known_Cas13i22_JGI_Alteio_BWMinHeat_23_LiWei2022CellDiscovery,hypothetical protein [Chitinophaga sp. CB10],ref|WP_291912176.1|,27.093,1.47e-91
known_Cas13i24_JGI_KP_S1_MG_LiWei2022CellDiscovery,known_Cas13i24_JGI_KP_S1_MG_LiWei2022CellDiscovery,"ID: known_Cas13i24_JGI_KP_S1_MG_LiWei2022CellDiscovery
Name: known_Cas13i24_JGI_KP_S1_MG_LiWei2022CellDiscovery
Description: known_Cas13i24_JGI_KP_S1_MG_LiWei2022CellDiscovery
Number of features: 0
Seq('MKERNNTPHLFDTFTGNKTPELAIFYNLAHDNIKKFIQSIDGRHAGKKLTEIIG...VAK')","ID: known_Cas13i24_JGI_KP_S1_MG_LiWei2022CellDiscovery
Name: known_Cas13i24_JGI_KP_S1_MG_LiWei2022CellDiscovery
Description: known_Cas13i24_JGI_KP_S1_MG_LiWei2022CellDiscovery
Number of features: 0
Seq('MKERNNTPHLFDTFTGNKTPELAIFYNLAHDNIKKFIQSIDGRHAGKKLTEIIG...VAK')",,,,,,,,,,,,,,,,,,known_Cas13i24_JGI_KP_S1_MG_LiWei2022CellDiscovery,hypothetical protein [Mucilaginibacter sp.],gb|MDB5131694.1|,27.408,7.930000000000001e-110
known_Cas13i25_JGI_Ga0247048_LiWei2022CellDiscovery,known_Cas13i25_JGI_Ga0247048_LiWei2022CellDiscovery,"ID: known_Cas13i25_JGI_Ga0247048_LiWei2022CellDiscovery
Name: known_Cas13i25_JGI_Ga0247048_LiWei2022CellDiscovery
Description: known_Cas13i25_JGI_Ga0247048_LiWei2022CellDiscovery
Number of features: 0
Seq('MQIERTDVYDSYTGSKINYEEFTIFYNIAYFRVAGVINHLLGNPYEINKENLEK...KKK')","ID: known_Cas13i25_JGI_Ga0247048_LiWei2022CellDiscovery
Name: known_Cas13i25_JGI_Ga0247048_LiWei2022CellDiscovery
Description: known_Cas13i25_JGI_Ga0247048_LiWei2022CellDiscovery
Number of features: 0
Seq('MQIERTDVYDSYTGSKINYEEFTIFYNIAYFRVAGVINHLLGNPYEINKENLEK...KKK')",,,,,,,,,,,,,,,,,,known_Cas13i25_JGI_Ga0247048_LiWei2022CellDiscovery,hypothetical protein [Arcicella rosea],ref|WP_184135274.1|,37.393,2.98e-90
known_Cas13i26_NCBI-Prokaryotes_GCA_004762155.1_ASM476215v1_LiWei2022CellDiscovery,known_Cas13i26_NCBI-Prokaryotes_GCA_004762155.1_ASM476215v1_LiWei2022CellDiscovery,"ID: known_Cas13i26_NCBI-Prokaryotes_GCA_004762155.1_ASM476215v1_LiWei2022CellDiscovery
Name: known_Cas13i26_NCBI-Prokaryotes_GCA_004762155.1_ASM476215v1_LiWei2022CellDiscovery
Description: known_Cas13i26_NCBI-Prokaryotes_GCA_004762155.1_ASM476215v1_LiWei2022CellDiscovery
Number of features: 0
Seq('MTYKPKKLKDNQRRSVPEIYKNGELAVFYNLAYNRTGNFIKTIQRKDKAQEFTE...NKR')","ID: known_Cas13i26_NCBI-Prokaryotes_GCA_004762155.1_ASM476215v1_LiWei2022CellDiscovery
Name: known_Cas13i26_NCBI-Prokaryotes_GCA_004762155.1_ASM476215v1_LiWei2022CellDiscovery
Description: known_Cas13i26_NCBI-Prokaryotes_GCA_004762155.1_ASM476215v1_LiWei2022CellDiscovery
Number of features: 0
Seq('MTYKPKKLKDNQRRSVPEIYKNGELAVFYNLAYNRTGNFIKTIQRKDKAQEFTE...NKR')",,,,,,,,,,,,,,,,,,known_Cas13i26_NCBI-Prokaryotes_GCA_004762155.1_ASM476215v1_LiWei2022CellDiscovery,hypothetical protein [Tenacibaculum agarivorans],ref|WP_075343894.1|,64.26,0.0
known_Cas13i27_NCBI-Prokaryotes_GCA_020059395.1_ASM2005939v1_LiWei2022CellDiscovery,known_Cas13i27_NCBI-Prokaryotes_GCA_020059395.1_ASM2005939v1_LiWei2022CellDiscovery,"ID: known_Cas13i27_NCBI-Prokaryotes_GCA_020059395.1_ASM2005939v1_LiWei2022CellDiscovery
Name: known_Cas13i27_NCBI-Prokaryotes_GCA_020059395.1_ASM2005939v1_LiWei2022CellDiscovery
Description: known_Cas13i27_NCBI-Prokaryotes_GCA_020059395.1_ASM2005939v1_LiWei2022CellDiscovery
Number of features: 0
Seq('MQPYNSNRRKTSLPKSNHVVKLKELALYYNLAVDRLILFLNYYAGSSRTETYWK...NKK')","ID: known_Cas13i27_NCBI-Prokaryotes_GCA_020059395.1_ASM2005939v1_LiWei2022CellDiscovery
Name: known_Cas13i27_NCBI-Prokaryotes_GCA_020059395.1_ASM2005939v1_LiWei2022CellDiscovery
Description: known_Cas13i27_NCBI-Prokaryotes_GCA_020059395.1_ASM2005939v1_LiWei2022CellDiscovery
Number of features: 0
Seq('MQPYNSNRRKTSLPKSNHVVKLKELALYYNLAVDRLILFLNYYAGSSRTETYWK...NKK')",,,,,,,,,,,,,,,,,,known_Cas13i27_NCBI-Prokaryotes_GCA_020059395.1_ASM2005939v1_LiWei2022CellDiscovery,hypothetical protein [Bacteroidales bacterium],gb|MCD4792546.1|,25.102,7.67e-13
known_Cas13i2_JGI_IMG_3300009345_87159_LiWei2022CellDiscovery,known_Cas13i2_JGI_IMG_3300009345_87159_LiWei2022CellDiscovery,"ID: known_Cas13i2_JGI_IMG_3300009345_87159_LiWei2022CellDiscovery
Name: known_Cas13i2_JGI_IMG_3300009345_87159_LiWei2022CellDiscovery
Description: known_Cas13i2_JGI_IMG_3300009345_87159_LiWei2022CellDiscovery
Number of features: 0
Seq('MANTTLPNYQKNTADTTAELCLFYNLAFDRIQDLLFSYEQKKIEIESFNTFTGE...YRK')","ID: known_Cas13i2_JGI_IMG_3300009345_87159_LiWei2022CellDiscovery
Name: known_Cas13i2_JGI_IMG_3300009345_87159_LiWei2022CellDiscovery
Description: known_Cas13i2_JGI_IMG_3300009345_87159_LiWei2022CellDiscovery
Number of features: 0
Seq('MANTTLPNYQKNTADTTAELCLFYNLAFDRIQDLLFSYEQKKIEIESFNTFTGE...YRK')",,,,,,,,,,,,,,,,,,known_Cas13i2_JGI_IMG_3300009345_87159_LiWei2022CellDiscovery,hypothetical protein [Marinilabiliales bacterium],tpg|HCC29638.1|,34.686,3.6599999999999995e-23
known_Cas13i3_JGI_eDN3rd30CKraftOP_LiWei2022CellDiscovery,known_Cas13i3_JGI_eDN3rd30CKraftOP_LiWei2022CellDiscovery,"ID: known_Cas13i3_JGI_eDN3rd30CKraftOP_LiWei2022CellDiscovery
Name: known_Cas13i3_JGI_eDN3rd30CKraftOP_LiWei2022CellDiscovery
Description: known_Cas13i3_JGI_eDN3rd30CKraftOP_LiWei2022CellDiscovery
Number of features: 0
Seq('MYEHRKPHDPSWPALTMADKTAELCLFYNLALNRVNDLVRKYEKDDTLHIEDVN...KKK')","ID: known_Cas13i3_JGI_eDN3rd30CKraftOP_LiWei2022CellDiscovery
Name: known_Cas13i3_JGI_eDN3rd30CKraftOP_LiWei2022CellDiscovery
Description: known_Cas13i3_JGI_eDN3rd30CKraftOP_LiWei2022CellDiscovery
Number of features: 0
Seq('MYEHRKPHDPSWPALTMADKTAELCLFYNLALNRVNDLVRKYEKDDTLHIEDVN...KKK')",,,,,,,,,,,,,,,,,,known_Cas13i3_JGI_eDN3rd30CKraftOP_LiWei2022CellDiscovery,hypothetical protein [Marinifilum sp.],gb|MCT4603350.1|,30.903,2.55e-22
known_Cas13i4_JGI_TYMME1rr0878_LiWei2022CellDiscovery,known_Cas13i4_JGI_TYMME1rr0878_LiWei2022CellDiscovery,"ID: known_Cas13i4_JGI_TYMME1rr0878_LiWei2022CellDiscovery
Name: known_Cas13i4_JGI_TYMME1rr0878_LiWei2022CellDiscovery
Description: known_Cas13i4_JGI_TYMME1rr0878_LiWei2022CellDiscovery
Number of features: 0
Seq('MKPKVALTPQELQYKEFTEDKTPELCLFYNIALDRINDLVSFYENDTVFIEKLD...SKR')","ID: known_Cas13i4_JGI_TYMME1rr0878_LiWei2022CellDiscovery
Name: known_Cas13i4_JGI_TYMME1rr0878_LiWei2022CellDiscovery
Description: known_Cas13i4_JGI_TYMME1rr0878_LiWei2022CellDiscovery
Number of features: 0
Seq('MKPKVALTPQELQYKEFTEDKTPELCLFYNIALDRINDLVSFYENDTVFIEKLD...SKR')",,,,,,,,,,,,,,,,,,known_Cas13i4_JGI_TYMME1rr0878_LiWei2022CellDiscovery,hypothetical protein [Bacteroidales bacterium],tpg|HAF28485.1|,33.557,2.7799999999999996e-23
known_Cas13i9_NCBI-GenBank_MCD4792546.1_LiWei2022CellDiscovery,known_Cas13i9_NCBI-GenBank_MCD4792546.1_LiWei2022CellDiscovery,"ID: known_Cas13i9_NCBI-GenBank_MCD4792546.1_LiWei2022CellDiscovery
Name: known_Cas13i9_NCBI-GenBank_MCD4792546.1_LiWei2022CellDiscovery
Description: known_Cas13i9_NCBI-GenBank_MCD4792546.1_LiWei2022CellDiscovery
Number of features: 0
Seq('MTEKNYSIPEYGKNGELALFYNIAYNRINLFIAHFEEKSNKKKWEIRKLFKDEE...NQL')","ID: known_Cas13i9_NCBI-GenBank_MCD4792546.1_LiWei2022CellDiscovery
Name: known_Cas13i9_NCBI-GenBank_MCD4792546.1_LiWei2022CellDiscovery
Description: known_Cas13i9_NCBI-GenBank_MCD4792546.1_LiWei2022CellDiscovery
Number of features: 0
Seq('MTEKNYSIPEYGKNGELALFYNIAYNRINLFIAHFEEKSNKKKWEIRKLFKDEE...NQL')",,,,,,,,,,,,,,,,,,known_Cas13i9_NCBI-GenBank_MCD4792546.1_LiWei2022CellDiscovery,hypothetical protein [Bacteroidales bacterium],gb|MCD4792546.1|,100.0,0.0
mG.JGI.121299_00.fna.gz_Ga0182030_10004671_22,mG.JGI.121299_00.fna.gz_Ga0182030_10004671_22,"ID: mG.JGI.121299_00.fna.gz_Ga0182030_10004671_22
Name: mG.JGI.121299_00.fna.gz_Ga0182030_10004671_22
Description: mG.JGI.121299_00.fna.gz_Ga0182030_10004671_22 assembly_id@mG.JGI.121299_00.fna.gz;contig_id@Ga0182030_10004671;CDS_id@mG.JGI.121299_00.fna.gz_Ga0182030_10004671_22;CDS_start@22504;CDS_end@25914;CDS_predict_score@246.1;CDS_strand@+;CDS_phase@0;Predigal_info@ID=22|partial=00|start_type=ATG|rbs_motif=None|rbs_spacer=None|gc_cont=0.433|conf=99.99|score=246.08|cscore=241.20|sscore=4.87|rscore=-1.83|uscore=1.55|tscore=3.92;crispr_id@mG.JGI.121299_00.fna.gz+Ga0182030_10004671+13;crispr_start@26816;crispr_end@29229;crispr_extend_start@6816;crispr_extend_end@49229;repeat_seq@GGTGTGTCCGCCTTTGATTTGAAAGGTATGTGCACC;n_copies@37;n_repeats@36;n_spacers@30;overlapped_base_count@3410 ID=4671_22;partial=00;start_type=ATG;rbs_motif=None;rbs_spacer=None;gc_cont=0.433;HEPN-1@[span=(127, 133),target=RNYHSH];HEPN-2@[span=(648, 655),target=RDWRTNH];HEPN-3@[span=(1087, 1093),target=RNHAFH];HEPN-count@3
Number of features: 0
Seq('MYTKEQKERVPPTRKELYMGGKTKTADYAVFYNIAFNGILSKIHFKETGQTEFD...NI*')","ID: mG.JGI.121299_00.fna.gz_Ga0182030_10004671_22
Name: mG.JGI.121299_00.fna.gz_Ga0182030_10004671_22
Description: mG.JGI.121299_00.fna.gz_Ga0182030_10004671_22 assembly_id@mG.JGI.121299_00.fna.gz;contig_id@Ga0182030_10004671;CDS_id@mG.JGI.121299_00.fna.gz_Ga0182030_10004671_22;CDS_start@22504;CDS_end@25914;CDS_predict_score@246.1;CDS_strand@+;CDS_phase@0;Predigal_info@ID=22|partial=00|start_type=ATG|rbs_motif=None|rbs_spacer=None|gc_cont=0.433|conf=99.99|score=246.08|cscore=241.20|sscore=4.87|rscore=-1.83|uscore=1.55|tscore=3.92;crispr_id@mG.JGI.121299_00.fna.gz+Ga0182030_10004671+13;crispr_start@26816;crispr_end@29229;crispr_extend_start@6816;crispr_extend_end@49229;repeat_seq@GGTGTGTCCGCCTTTGATTTGAAAGGTATGTGCACC;n_copies@37;n_repeats@36;n_spacers@30;overlapped_base_count@3410 ID=4671_22;partial=00;start_type=ATG;rbs_motif=None;rbs_spacer=None;gc_cont=0.433;HEPN-1@[span=(127, 133),target=RNYHSH];HEPN-2@[span=(648, 655),target=RDWRTNH];HEPN-3@[span=(1087, 1093),target=RNHAFH];HEPN-count@3
Number of features: 0
Seq('MYTKEQKERVPPTRKELYMGGKTKTADYAVFYNIAFNGILSKIHFKETGQTEFD...NI*')",mG.JGI.121299_00.fna.gz+Ga0182030_10004671+13,mG.JGI.121299_00.fna.gz+Ga0182030_10004671+13,mG.JGI.121299_00.fna.gz+Ga0182030_10004671+13,GGTGTGTCCGCCTTTGATTTGAAAGGTATGTGCACC,....................................,36.0,36.0,CAAACATGGAGTGGCACCATGCAGGCAAGT,30.0,30.0,26816.0,100.0,ATAATTTCTT,0.338061701891407,0.0,0.0,0.0,mG.JGI.121299_00.fna.gz_Ga0182030_10004671_22,hypothetical protein [Chitinophagales bacterium],gb|MBN8684827.1|,32.458,1.52e-167
mG.JGI.185582.fna.gz_Ga0210129_1000348_7,mG.JGI.185582.fna.gz_Ga0210129_1000348_7,"ID: mG.JGI.185582.fna.gz_Ga0210129_1000348_7
Name: mG.JGI.185582.fna.gz_Ga0210129_1000348_7
Description: mG.JGI.185582.fna.gz_Ga0210129_1000348_7 assembly_id@mG.JGI.185582.fna.gz;contig_id@Ga0210129_1000348;CDS_id@mG.JGI.185582.fna.gz_Ga0210129_1000348_7;CDS_start@7299;CDS_end@10739;CDS_predict_score@205.1;CDS_strand@+;CDS_phase@0;Predigal_info@ID=7|partial=00|start_type=ATG|rbs_motif=None|rbs_spacer=None|gc_cont=0.321|conf=99.99|score=205.08|cscore=203.23|sscore=1.84|rscore=-1.83|uscore=0.58|tscore=3.75;crispr_id@mG.JGI.185582.fna.gz+Ga0210129_1000348+2;crispr_start@6382;crispr_end@7072;crispr_extend_start@1;crispr_extend_end@27072;repeat_seq@GTTGTAAATGCCTTATATTTGTAAGGTGAAAACAAC;n_copies@11;n_repeats@36;n_spacers@29;overlapped_base_count@3440 ID=348_7;partial=00;start_type=ATG;rbs_motif=None;rbs_spacer=None;gc_cont=0.321;HEPN-1@[span=(106, 112),target=RNICSH];HEPN-count@1
Number of features: 0
Seq('MEEDTTMVSKNNPFEIFFNEKIHIGSLAEKAKKNFISNNVDGPNKLSRLYYFSI...VG*')","ID: mG.JGI.185582.fna.gz_Ga0210129_1000348_7
Name: mG.JGI.185582.fna.gz_Ga0210129_1000348_7
Description: mG.JGI.185582.fna.gz_Ga0210129_1000348_7 assembly_id@mG.JGI.185582.fna.gz;contig_id@Ga0210129_1000348;CDS_id@mG.JGI.185582.fna.gz_Ga0210129_1000348_7;CDS_start@7299;CDS_end@10739;CDS_predict_score@205.1;CDS_strand@+;CDS_phase@0;Predigal_info@ID=7|partial=00|start_type=ATG|rbs_motif=None|rbs_spacer=None|gc_cont=0.321|conf=99.99|score=205.08|cscore=203.23|sscore=1.84|rscore=-1.83|uscore=0.58|tscore=3.75;crispr_id@mG.JGI.185582.fna.gz+Ga0210129_1000348+2;crispr_start@6382;crispr_end@7072;crispr_extend_start@1;crispr_extend_end@27072;repeat_seq@GTTGTAAATGCCTTATATTTGTAAGGTGAAAACAAC;n_copies@11;n_repeats@36;n_spacers@29;overlapped_base_count@3440 ID=348_7;partial=00;start_type=ATG;rbs_motif=None;rbs_spacer=None;gc_cont=0.321;HEPN-1@[span=(106, 112),target=RNICSH];HEPN-count@1
Number of features: 0
Seq('MEEDTTMVSKNNPFEIFFNEKIHIGSLAEKAKKNFISNNVDGPNKLSRLYYFSI...VG*')",mG.JGI.185582.fna.gz+Ga0210129_1000348+2,mG.JGI.185582.fna.gz+Ga0210129_1000348+2,mG.JGI.185582.fna.gz+Ga0210129_1000348+2,GTTGTAAATGCCTTATATTTGTAAGGTGAAAACAAC,....C...............................,36.0,36.0,TATAAGAGAATCTATATATTCCTTGTATTT,29.0,30.0,6382.0,97.0,TCATTTTCCA,0.4830458915396477,1.0,0.1,0.31622776601683794,mG.JGI.185582.fna.gz_Ga0210129_1000348_7,hypothetical protein [Reichenbachiella agariperforans],ref|WP_073124441.1|,33.888,3.89e-177
mG.JGI.203626_01.fna.gz_Ga0315294_10029962_1,mG.JGI.203626_01.fna.gz_Ga0315294_10029962_1,"ID: mG.JGI.203626_01.fna.gz_Ga0315294_10029962_1
Name: mG.JGI.203626_01.fna.gz_Ga0315294_10029962_1
Description: mG.JGI.203626_01.fna.gz_Ga0315294_10029962_1 assembly_id@mG.JGI.203626_01.fna.gz;contig_id@Ga0315294_10029962;CDS_id@mG.JGI.203626_01.fna.gz_Ga0315294_10029962_1;CDS_start@225;CDS_end@2840;CDS_predict_score@156.4;CDS_strand@+;CDS_phase@0;Predigal_info@ID=1|partial=00|start_type=ATG|rbs_motif=GGAG/GAGG|rbs_spacer=5-10bp|gc_cont=0.383|conf=100.00|score=156.39|cscore=147.38|sscore=9.01|rscore=5.52|uscore=-0.03|tscore=3.52;crispr_id@mG.JGI.203626_01.fna.gz+Ga0315294_10029962+12;crispr_start@2941;crispr_end@3308;crispr_extend_start@1;crispr_extend_end@23308;repeat_seq@GCTGGAGAAGCCTCGGTTTTGCGAGGTGATTACAGC;n_copies@6;n_repeats@36;n_spacers@30;overlapped_base_count@2615 ID=7044_1;partial=00;start_type=ATG;rbs_motif=GGAG/GAGG;rbs_spacer=5-10bp;gc_cont=0.383;HEPN-1@[span=(100, 108),target=RNYFSHFH];HEPN-2@[span=(766, 773),target=HYTELQR];HEPN-3@[span=(821, 829),target=RNALLHYH];HEPN-count@3
Number of features: 0
Seq('MIENKPISQGSPQGKTVDDYKGEQKWCFAIVLNRACDNYEENHKLFSESLLEFE...KI*')","ID: mG.JGI.203626_01.fna.gz_Ga0315294_10029962_1
Name: mG.JGI.203626_01.fna.gz_Ga0315294_10029962_1
Description: mG.JGI.203626_01.fna.gz_Ga0315294_10029962_1 assembly_id@mG.JGI.203626_01.fna.gz;contig_id@Ga0315294_10029962;CDS_id@mG.JGI.203626_01.fna.gz_Ga0315294_10029962_1;CDS_start@225;CDS_end@2840;CDS_predict_score@156.4;CDS_strand@+;CDS_phase@0;Predigal_info@ID=1|partial=00|start_type=ATG|rbs_motif=GGAG/GAGG|rbs_spacer=5-10bp|gc_cont=0.383|conf=100.00|score=156.39|cscore=147.38|sscore=9.01|rscore=5.52|uscore=-0.03|tscore=3.52;crispr_id@mG.JGI.203626_01.fna.gz+Ga0315294_10029962+12;crispr_start@2941;crispr_end@3308;crispr_extend_start@1;crispr_extend_end@23308;repeat_seq@GCTGGAGAAGCCTCGGTTTTGCGAGGTGATTACAGC;n_copies@6;n_repeats@36;n_spacers@30;overlapped_base_count@2615 ID=7044_1;partial=00;start_type=ATG;rbs_motif=GGAG/GAGG;rbs_spacer=5-10bp;gc_cont=0.383;HEPN-1@[span=(100, 108),target=RNYFSHFH];HEPN-2@[span=(766, 773),target=HYTELQR];HEPN-3@[span=(821, 829),target=RNALLHYH];HEPN-count@3
Number of features: 0
Seq('MIENKPISQGSPQGKTVDDYKGEQKWCFAIVLNRACDNYEENHKLFSESLLEFE...KI*')",mG.JGI.203626_01.fna.gz+Ga0315294_10029962+12,mG.JGI.203626_01.fna.gz+Ga0315294_10029962+12,mG.JGI.203626_01.fna.gz+Ga0315294_10029962+12,GCTGGAGAAGCCTCGGTTTTGCGAGGTGATTACAGC,....................................,36.0,36.0,TCCTTCCTTTTCGCAGGCGGCGATAACTTG,30.0,30.0,2941.0,100.0,CAAAGGTCGG,0.0,0.0,0.2,0.4472135954999579,mG.JGI.203626_01.fna.gz_Ga0315294_10029962_1,hypothetical protein [Sedimentisphaerales bacterium],gb|MBN2131903.1|,46.55,0.0
mG.JGI.51668.fna.gz_IE67DRAFT_scaffold00010.10_8,mG.JGI.51668.fna.gz_IE67DRAFT_scaffold00010.10_8,"ID: mG.JGI.51668.fna.gz_IE67DRAFT_scaffold00010.10_8
Name: mG.JGI.51668.fna.gz_IE67DRAFT_scaffold00010.10_8
Description: mG.JGI.51668.fna.gz_IE67DRAFT_scaffold00010.10_8 assembly_id@mG.JGI.51668.fna.gz;contig_id@IE67DRAFT_scaffold00010.10;CDS_id@mG.JGI.51668.fna.gz_IE67DRAFT_scaffold00010.10_8;CDS_start@10186;CDS_end@14343;CDS_predict_score@287.0;CDS_strand@+;CDS_phase@0;Predigal_info@ID=8|partial=00|start_type=ATG|rbs_motif=GGAGG|rbs_spacer=5-10bp|gc_cont=0.399|conf=99.99|score=287.00|cscore=268.60|sscore=18.40|rscore=12.72|uscore=2.31|tscore=2.69;crispr_id@mG.JGI.51668.fna.gz+IE67DRAFT_scaffold00010.10+2;crispr_start@1530;crispr_end@2262;crispr_extend_start@1;crispr_extend_end@22262;repeat_seq@GTTTGGAGAACAGCCCGATATAGAGGGCAATAGAC;n_copies@11;n_repeats@35;n_spacers@34;overlapped_base_count@4157 ID=10_8;partial=00;start_type=ATG;rbs_motif=GGAGG;rbs_spacer=5-10bp;gc_cont=0.399;HEPN-1@[span=(563, 569),target=RNETFH];HEPN-2@[span=(1097, 1103),target=RNAILH];HEPN-count@2
Number of features: 0
Seq('MKFSKVDHTRSAVGIQKATDSVHGMLYTDPKKQEVNDLDKRFDQLNVKAKRLYN...NS*')","ID: mG.JGI.51668.fna.gz_IE67DRAFT_scaffold00010.10_8
Name: mG.JGI.51668.fna.gz_IE67DRAFT_scaffold00010.10_8
Description: mG.JGI.51668.fna.gz_IE67DRAFT_scaffold00010.10_8 assembly_id@mG.JGI.51668.fna.gz;contig_id@IE67DRAFT_scaffold00010.10;CDS_id@mG.JGI.51668.fna.gz_IE67DRAFT_scaffold00010.10_8;CDS_start@10186;CDS_end@14343;CDS_predict_score@287.0;CDS_strand@+;CDS_phase@0;Predigal_info@ID=8|partial=00|start_type=ATG|rbs_motif=GGAGG|rbs_spacer=5-10bp|gc_cont=0.399|conf=99.99|score=287.00|cscore=268.60|sscore=18.40|rscore=12.72|uscore=2.31|tscore=2.69;crispr_id@mG.JGI.51668.fna.gz+IE67DRAFT_scaffold00010.10+2;crispr_start@1530;crispr_end@2262;crispr_extend_start@1;crispr_extend_end@22262;repeat_seq@GTTTGGAGAACAGCCCGATATAGAGGGCAATAGAC;n_copies@11;n_repeats@35;n_spacers@34;overlapped_base_count@4157 ID=10_8;partial=00;start_type=ATG;rbs_motif=GGAGG;rbs_spacer=5-10bp;gc_cont=0.399;HEPN-1@[span=(563, 569),target=RNETFH];HEPN-2@[span=(1097, 1103),target=RNAILH];HEPN-count@2
Number of features: 0
Seq('MKFSKVDHTRSAVGIQKATDSVHGMLYTDPKKQEVNDLDKRFDQLNVKAKRLYN...NS*')",mG.JGI.51668.fna.gz+IE67DRAFT_scaffold00010.10+2,mG.JGI.51668.fna.gz+IE67DRAFT_scaffold00010.10+2,mG.JGI.51668.fna.gz+IE67DRAFT_scaffold00010.10+2,GTTTGGAGAACAGCCCGATATAGAGGGCAATAGAC,...................................,35.0,35.0,GCCTTTTGTCGCAAGTGTTGCCGTACCGGATAACG,34.0,35.0,1530.0,100.0,AAAGAGCAGG,0.8432740427115685,0.0,0.2,0.4216370213557839,mG.JGI.51668.fna.gz_IE67DRAFT_scaffold00010.10_8,type VI-A CRISPR-associated RNA-guided ribonuclease Cas13a [[Clostridium] aminophilum],ref|WP_031473346.1|,100.0,0.0
mG.SELF_ASSEMBLY.SRR14517526_PRJNA723218.fna.gz_k141_43169_5,mG.SELF_ASSEMBLY.SRR14517526_PRJNA723218.fna.gz_k141_43169_5,"ID: mG.SELF_ASSEMBLY.SRR14517526_PRJNA723218.fna.gz_k141_43169_5
Name: mG.SELF_ASSEMBLY.SRR14517526_PRJNA723218.fna.gz_k141_43169_5
Description: mG.SELF_ASSEMBLY.SRR14517526_PRJNA723218.fna.gz_k141_43169_5 assembly_id@mG.SELF_ASSEMBLY.SRR14517526_PRJNA723218.fna.gz;contig_id@k141_43169;CDS_id@mG.SELF_ASSEMBLY.SRR14517526_PRJNA723218.fna.gz_k141_43169_5;CDS_start@5659;CDS_end@8562;CDS_predict_score@422.7;CDS_strand@-;CDS_phase@0;Predigal_info@ID=5|partial=00|start_type=GTG|rbs_motif=GGAG/GAGG|rbs_spacer=5-10bp|gc_cont=0.587|conf=99.99|score=422.70|cscore=419.93|sscore=2.76|rscore=5.84|uscore=2.95|tscore=-5.38;crispr_id@mG.SELF_ASSEMBLY.SRR14517526_PRJNA723218.fna.gz+k141_43169+37;crispr_start@40;crispr_end@610;crispr_extend_start@1;crispr_extend_end@20610;repeat_seq@GTTGCTTGAACCGCCATTTCGGCGGCCTTTCACAAC;n_copies@9;n_repeats@36;n_spacers@30;overlapped_base_count@2903 ID=24707_5;partial=00;start_type=GTG;rbs_motif=GGAG/GAGG;rbs_spacer=5-10bp;gc_cont=0.587;HEPN-1@[span=(172, 179),target=HPRQKDR];HEPN-2@[span=(237, 244),target=RHYVISH];HEPN-3@[span=(923, 929),target=RNRLVH];HEPN-count@3
Number of features: 0
Seq('MESRVKHSLGDGRKSEKALKQRIFTPHDDANSCYEFTRKGMIFLVCLALYRHDA...VS*')","ID: mG.SELF_ASSEMBLY.SRR14517526_PRJNA723218.fna.gz_k141_43169_5
Name: mG.SELF_ASSEMBLY.SRR14517526_PRJNA723218.fna.gz_k141_43169_5
Description: mG.SELF_ASSEMBLY.SRR14517526_PRJNA723218.fna.gz_k141_43169_5 assembly_id@mG.SELF_ASSEMBLY.SRR14517526_PRJNA723218.fna.gz;contig_id@k141_43169;CDS_id@mG.SELF_ASSEMBLY.SRR14517526_PRJNA723218.fna.gz_k141_43169_5;CDS_start@5659;CDS_end@8562;CDS_predict_score@422.7;CDS_strand@-;CDS_phase@0;Predigal_info@ID=5|partial=00|start_type=GTG|rbs_motif=GGAG/GAGG|rbs_spacer=5-10bp|gc_cont=0.587|conf=99.99|score=422.70|cscore=419.93|sscore=2.76|rscore=5.84|uscore=2.95|tscore=-5.38;crispr_id@mG.SELF_ASSEMBLY.SRR14517526_PRJNA723218.fna.gz+k141_43169+37;crispr_start@40;crispr_end@610;crispr_extend_start@1;crispr_extend_end@20610;repeat_seq@GTTGCTTGAACCGCCATTTCGGCGGCCTTTCACAAC;n_copies@9;n_repeats@36;n_spacers@30;overlapped_base_count@2903 ID=24707_5;partial=00;start_type=GTG;rbs_motif=GGAG/GAGG;rbs_spacer=5-10bp;gc_cont=0.587;HEPN-1@[span=(172, 179),target=HPRQKDR];HEPN-2@[span=(237, 244),target=RHYVISH];HEPN-3@[span=(923, 929),target=RNRLVH];HEPN-count@3
Number of features: 0
Seq('MESRVKHSLGDGRKSEKALKQRIFTPHDDANSCYEFTRKGMIFLVCLALYRHDA...VS*')",mG.SELF_ASSEMBLY.SRR14517526_PRJNA723218.fna.gz+k141_43169+37,mG.SELF_ASSEMBLY.SRR14517526_PRJNA723218.fna.gz+k141_43169+37,,,,,,,,,,,,,,,,mG.SELF_ASSEMBLY.SRR14517526_PRJNA723218.fna.gz_k141_43169_5,hypothetical protein [Kiritimatiellia bacterium],gb|MBS7286308.1|,73.701,0.0
mG.SELF_ASSEMBLY.SRR26084679_PRJNA1017981.fna.gz_k141_449148_45,mG.SELF_ASSEMBLY.SRR26084679_PRJNA1017981.fna.gz_k141_449148_45,"ID: mG.SELF_ASSEMBLY.SRR26084679_PRJNA1017981.fna.gz_k141_449148_45
Name: mG.SELF_ASSEMBLY.SRR26084679_PRJNA1017981.fna.gz_k141_449148_45
Description: mG.SELF_ASSEMBLY.SRR26084679_PRJNA1017981.fna.gz_k141_449148_45 assembly_id@mG.SELF_ASSEMBLY.SRR26084679_PRJNA1017981.fna.gz;contig_id@k141_449148;CDS_id@mG.SELF_ASSEMBLY.SRR26084679_PRJNA1017981.fna.gz_k141_449148_45;CDS_start@49206;CDS_end@52472;CDS_predict_score@314.9;CDS_strand@+;CDS_phase@0;Predigal_info@ID=45|partial=00|start_type=ATG|rbs_motif=None|rbs_spacer=None|gc_cont=0.363|conf=99.99|score=314.86|cscore=307.42|sscore=7.44|rscore=-1.62|uscore=5.55|tscore=3.51;crispr_id@mG.SELF_ASSEMBLY.SRR26084679_PRJNA1017981.fna.gz+k141_449148+6;crispr_start@48241;crispr_end@49071;crispr_extend_start@28241;crispr_extend_end@69071;repeat_seq@GTTGTAATAACCTCTCAAAATGAGGCCTTCAACAAC;n_copies@13;n_repeats@36;n_spacers@30;overlapped_base_count@3266 ID=6408_45;partial=00;start_type=ATG;rbs_motif=None;rbs_spacer=None;gc_cont=0.363;HEPN-1@[span=(132, 138),target=RDFTCH];HEPN-2@[span=(661, 669),target=RNHPFLYH];HEPN-3@[span=(1049, 1055),target=RNAFSH];HEPN-count@3
Number of features: 0
Seq('MVIPAIIEDNKNLFAPYLTMALMNVQTILDHIRKTVGIKQEFPRGEYINPKTGE...EK*')","ID: mG.SELF_ASSEMBLY.SRR26084679_PRJNA1017981.fna.gz_k141_449148_45
Name: mG.SELF_ASSEMBLY.SRR26084679_PRJNA1017981.fna.gz_k141_449148_45
Description: mG.SELF_ASSEMBLY.SRR26084679_PRJNA1017981.fna.gz_k141_449148_45 assembly_id@mG.SELF_ASSEMBLY.SRR26084679_PRJNA1017981.fna.gz;contig_id@k141_449148;CDS_id@mG.SELF_ASSEMBLY.SRR26084679_PRJNA1017981.fna.gz_k141_449148_45;CDS_start@49206;CDS_end@52472;CDS_predict_score@314.9;CDS_strand@+;CDS_phase@0;Predigal_info@ID=45|partial=00|start_type=ATG|rbs_motif=None|rbs_spacer=None|gc_cont=0.363|conf=99.99|score=314.86|cscore=307.42|sscore=7.44|rscore=-1.62|uscore=5.55|tscore=3.51;crispr_id@mG.SELF_ASSEMBLY.SRR26084679_PRJNA1017981.fna.gz+k141_449148+6;crispr_start@48241;crispr_end@49071;crispr_extend_start@28241;crispr_extend_end@69071;repeat_seq@GTTGTAATAACCTCTCAAAATGAGGCCTTCAACAAC;n_copies@13;n_repeats@36;n_spacers@30;overlapped_base_count@3266 ID=6408_45;partial=00;start_type=ATG;rbs_motif=None;rbs_spacer=None;gc_cont=0.363;HEPN-1@[span=(132, 138),target=RDFTCH];HEPN-2@[span=(661, 669),target=RNHPFLYH];HEPN-3@[span=(1049, 1055),target=RNAFSH];HEPN-count@3
Number of features: 0
Seq('MVIPAIIEDNKNLFAPYLTMALMNVQTILDHIRKTVGIKQEFPRGEYINPKTGE...EK*')",mG.SELF_ASSEMBLY.SRR26084679_PRJNA1017981.fna.gz+k141_449148+6,mG.SELF_ASSEMBLY.SRR26084679_PRJNA1017981.fna.gz+k141_449148+6,,,,,,,,,,,,,,,,mG.SELF_ASSEMBLY.SRR26084679_PRJNA1017981.fna.gz_k141_449148_45,type VI-B CRISPR-associated RNA-guided ribonuclease Cas13b [Muribaculaceae bacterium],gb|MBQ3605724.1|,56.767,0.0
mG.blast.nt_3591.fna.gz_AP017968.1_872,mG.blast.nt_3591.fna.gz_AP017968.1_872,"ID: mG.blast.nt_3591.fna.gz_AP017968.1_872
Name: mG.blast.nt_3591.fna.gz_AP017968.1_872
Description: mG.blast.nt_3591.fna.gz_AP017968.1_872 assembly_id@mG.blast.nt_3591.fna.gz;contig_id@AP017968.1;CDS_id@mG.blast.nt_3591.fna.gz_AP017968.1_872;CDS_start@969256;CDS_end@972732;CDS_predict_score@271.2;CDS_strand@+;CDS_phase@0;Predigal_info@ID=872|partial=00|start_type=ATG|rbs_motif=None|rbs_spacer=None|gc_cont=0.236|conf=99.99|score=271.23|cscore=268.38|sscore=2.85|rscore=0.00|uscore=-0.61|tscore=4.10;crispr_id@mG.blast.nt_3591.fna.gz+AP017968.1+16;crispr_start@973141;crispr_end@973374;crispr_extend_start@953141;crispr_extend_end@993374;repeat_seq@GACTAAATCCATGTAAGTGGAATTTAAACTTTTC;n_copies@4;n_repeats@34;n_spacers@32;overlapped_base_count@3476 ID=5916_872;partial=00;start_type=ATG;rbs_motif=None;rbs_spacer=None;gc_cont=0.236;HEPN-1@[span=(314, 320),target=RHSLMH];HEPN-2@[span=(857, 863),target=RNKISH];HEPN-count@2
Number of features: 0
Seq('MENKNKPNRGSIVRIIISNYDMKGIKELKVRYRKQAQLDTFILQTTLDKSNNSI...IY*')","ID: mG.blast.nt_3591.fna.gz_AP017968.1_872
Name: mG.blast.nt_3591.fna.gz_AP017968.1_872
Description: mG.blast.nt_3591.fna.gz_AP017968.1_872 assembly_id@mG.blast.nt_3591.fna.gz;contig_id@AP017968.1;CDS_id@mG.blast.nt_3591.fna.gz_AP017968.1_872;CDS_start@969256;CDS_end@972732;CDS_predict_score@271.2;CDS_strand@+;CDS_phase@0;Predigal_info@ID=872|partial=00|start_type=ATG|rbs_motif=None|rbs_spacer=None|gc_cont=0.236|conf=99.99|score=271.23|cscore=268.38|sscore=2.85|rscore=0.00|uscore=-0.61|tscore=4.10;crispr_id@mG.blast.nt_3591.fna.gz+AP017968.1+16;crispr_start@973141;crispr_end@973374;crispr_extend_start@953141;crispr_extend_end@993374;repeat_seq@GACTAAATCCATGTAAGTGGAATTTAAACTTTTC;n_copies@4;n_repeats@34;n_spacers@32;overlapped_base_count@3476 ID=5916_872;partial=00;start_type=ATG;rbs_motif=None;rbs_spacer=None;gc_cont=0.236;HEPN-1@[span=(314, 320),target=RHSLMH];HEPN-2@[span=(857, 863),target=RNKISH];HEPN-count@2
Number of features: 0
Seq('MENKNKPNRGSIVRIIISNYDMKGIKELKVRYRKQAQLDTFILQTTLDKSNNSI...IY*')",mG.blast.nt_3591.fna.gz+AP017968.1+16,mG.blast.nt_3591.fna.gz+AP017968.1+16,mG.blast.nt_3591.fna.gz+AP017968.1+16,GACTAAATCCATGTAAGTGGAATTTAAACTTTTC,.............................A...A,34.0,34.0,AATCAAGTTCATAATATTGTGAATCATCTTTA,32.0,32.0,973141.0,94.0,AACTTAACTA,1.0,2.0,1.3333333333333333,0.5773502691896257,mG.blast.nt_3591.fna.gz_AP017968.1_872,hypothetical protein FV113G1_08570 [Fusobacterium varium],dbj|BBA50510.1|,100.0,0.0
mG.blast.nt_3647.fna.gz_CP028107.1_1178,mG.blast.nt_3647.fna.gz_CP028107.1_1178,"ID: mG.blast.nt_3647.fna.gz_CP028107.1_1178
Name: mG.blast.nt_3647.fna.gz_CP028107.1_1178
Description: mG.blast.nt_3647.fna.gz_CP028107.1_1178 assembly_id@mG.blast.nt_3647.fna.gz;contig_id@CP028107.1;CDS_id@mG.blast.nt_3647.fna.gz_CP028107.1_1178;CDS_start@1228837;CDS_end@1232250;CDS_predict_score@268.8;CDS_strand@+;CDS_phase@0;Predigal_info@ID=1178|partial=00|start_type=ATG|rbs_motif=AGGAG|rbs_spacer=5-10bp|gc_cont=0.237|conf=99.99|score=268.76|cscore=247.09|sscore=21.67|rscore=14.48|uscore=2.29|tscore=3.88;crispr_id@mG.blast.nt_3647.fna.gz+CP028107.1+55;crispr_start@1232435;crispr_end@1232999;crispr_extend_start@1212435;crispr_extend_end@1252999;repeat_seq@GACTAAATCCAAGTAGATTGGAATTTTAAC;n_copies@9;n_repeats@30;n_spacers@36;overlapped_base_count@3413 ID=59_1178;partial=00;start_type=ATG;rbs_motif=AGGAG;rbs_spacer=5-10bp;gc_cont=0.237;HEPN-1@[span=(299, 305),target=RHPLMH];HEPN-2@[span=(841, 847),target=RNFLSH];HEPN-count@2
Number of features: 0
Seq('MEKFRRQNRNSIIKIIISNYDTKGIKELKVRYRKQAQLDTFIIKTEIVNNDIFI...KY*')","ID: mG.blast.nt_3647.fna.gz_CP028107.1_1178
Name: mG.blast.nt_3647.fna.gz_CP028107.1_1178
Description: mG.blast.nt_3647.fna.gz_CP028107.1_1178 assembly_id@mG.blast.nt_3647.fna.gz;contig_id@CP028107.1;CDS_id@mG.blast.nt_3647.fna.gz_CP028107.1_1178;CDS_start@1228837;CDS_end@1232250;CDS_predict_score@268.8;CDS_strand@+;CDS_phase@0;Predigal_info@ID=1178|partial=00|start_type=ATG|rbs_motif=AGGAG|rbs_spacer=5-10bp|gc_cont=0.237|conf=99.99|score=268.76|cscore=247.09|sscore=21.67|rscore=14.48|uscore=2.29|tscore=3.88;crispr_id@mG.blast.nt_3647.fna.gz+CP028107.1+55;crispr_start@1232435;crispr_end@1232999;crispr_extend_start@1212435;crispr_extend_end@1252999;repeat_seq@GACTAAATCCAAGTAGATTGGAATTTTAAC;n_copies@9;n_repeats@30;n_spacers@36;overlapped_base_count@3413 ID=59_1178;partial=00;start_type=ATG;rbs_motif=AGGAG;rbs_spacer=5-10bp;gc_cont=0.237;HEPN-1@[span=(299, 305),target=RHPLMH];HEPN-2@[span=(841, 847),target=RNFLSH];HEPN-count@2
Number of features: 0
Seq('MEKFRRQNRNSIIKIIISNYDTKGIKELKVRYRKQAQLDTFIIKTEIVNNDIFI...KY*')",mG.blast.nt_3647.fna.gz+CP028107.1+55,mG.blast.nt_3647.fna.gz+CP028107.1+55,mG.blast.nt_3647.fna.gz+CP028107.1+55,GACTAAATCCAAGTAGATTGGAATTTTAAC,..............................,30.0,30.0,GCAATAGGAGTGAACGTATATTCACCGTTCACTCTCC,36.0,37.0,1232435.0,100.0,AGTAACACTG,0.9161253813129049,0.0,0.0,0.0,mG.blast.nt_3647.fna.gz_CP028107.1_1178,type VI-C CRISPR-associated RNA-guided ribonuclease Cas13c [Fusobacterium necrophorum],ref|WP_106894941.1|,100.0,0.0
mG.blast.nt_86.fna.gz_CP001312.1_2042,mG.blast.nt_86.fna.gz_CP001312.1_2042,"ID: mG.blast.nt_86.fna.gz_CP001312.1_2042
Name: mG.blast.nt_86.fna.gz_CP001312.1_2042
Description: mG.blast.nt_86.fna.gz_CP001312.1_2042 assembly_id@mG.blast.nt_86.fna.gz;contig_id@CP001312.1;CDS_id@mG.blast.nt_86.fna.gz_CP001312.1_2042;CDS_start@2158218;CDS_end@2162267;CDS_predict_score@395.9;CDS_strand@+;CDS_phase@0;Predigal_info@ID=2042|partial=00|start_type=ATG|rbs_motif=None|rbs_spacer=None|gc_cont=0.615|conf=99.99|score=395.89|cscore=395.24|sscore=0.65|rscore=-3.05|uscore=-0.71|tscore=3.42;crispr_id@mG.blast.nt_86.fna.gz+CP001312.1+7;crispr_start@2157796;crispr_end@2158041;crispr_extend_start@2137796;crispr_extend_end@2178041;repeat_seq@GGTTCAGTCCGCCGTCGTCTTGGCGGTGATGTGAGGC;n_copies@4;n_repeats@37;n_spacers@33;overlapped_base_count@4049 ID=102_2042;partial=00;start_type=ATG;rbs_motif=None;rbs_spacer=None;gc_cont=0.615;HEPN-1@[span=(389, 395),target=HTHENR];HEPN-2@[span=(527, 533),target=RNQTFH];HEPN-3@[span=(646, 652),target=RDTRKH];HEPN-4@[span=(963, 971),target=RQIARYNH];HEPN-5@[span=(1056, 1062),target=HLRLHR];HEPN-6@[span=(1120, 1127),target=HFNVLDR];HEPN-7@[span=(1233, 1241),target=RDDGDAWH];HEPN-count@7
Number of features: 0
Seq('MPLQAAGFGKPRRSPMRWLQALSRPERRKPGRWCGKSARPNGTVANGLDGLHPC...ID*')","ID: mG.blast.nt_86.fna.gz_CP001312.1_2042
Name: mG.blast.nt_86.fna.gz_CP001312.1_2042
Description: mG.blast.nt_86.fna.gz_CP001312.1_2042 assembly_id@mG.blast.nt_86.fna.gz;contig_id@CP001312.1;CDS_id@mG.blast.nt_86.fna.gz_CP001312.1_2042;CDS_start@2158218;CDS_end@2162267;CDS_predict_score@395.9;CDS_strand@+;CDS_phase@0;Predigal_info@ID=2042|partial=00|start_type=ATG|rbs_motif=None|rbs_spacer=None|gc_cont=0.615|conf=99.99|score=395.89|cscore=395.24|sscore=0.65|rscore=-3.05|uscore=-0.71|tscore=3.42;crispr_id@mG.blast.nt_86.fna.gz+CP001312.1+7;crispr_start@2157796;crispr_end@2158041;crispr_extend_start@2137796;crispr_extend_end@2178041;repeat_seq@GGTTCAGTCCGCCGTCGTCTTGGCGGTGATGTGAGGC;n_copies@4;n_repeats@37;n_spacers@33;overlapped_base_count@4049 ID=102_2042;partial=00;start_type=ATG;rbs_motif=None;rbs_spacer=None;gc_cont=0.615;HEPN-1@[span=(389, 395),target=HTHENR];HEPN-2@[span=(527, 533),target=RNQTFH];HEPN-3@[span=(646, 652),target=RDTRKH];HEPN-4@[span=(963, 971),target=RQIARYNH];HEPN-5@[span=(1056, 1062),target=HLRLHR];HEPN-6@[span=(1120, 1127),target=HFNVLDR];HEPN-7@[span=(1233, 1241),target=RDDGDAWH];HEPN-count@7
Number of features: 0
Seq('MPLQAAGFGKPRRSPMRWLQALSRPERRKPGRWCGKSARPNGTVANGLDGLHPC...ID*')",mG.blast.nt_86.fna.gz+CP001312.1+7,mG.blast.nt_86.fna.gz+CP001312.1+7,mG.blast.nt_86.fna.gz+CP001312.1+7,GGTTCAGTCCGCCGTCGTCTTGGCGGTGATGTGAGGC,.....................................,37.0,37.0,TCTCCCAGCATACCAAACCGCTGGCGACCATCA,33.0,33.0,2157796.0,100.0,GAACATCATG,1.0,0.0,0.3333333333333333,0.5773502691896258,mG.blast.nt_86.fna.gz_CP001312.1_2042,type VI-A CRISPR-associated RNA-guided ribonuclease Cas13a [Rhodobacter capsulatus],ref|WP_013067728.1|,100.0,0.0
mG.blast.nt_prok_317.fna.gz_CP102281.1_838,mG.blast.nt_prok_317.fna.gz_CP102281.1_838,"ID: mG.blast.nt_prok_317.fna.gz_CP102281.1_838
Name: mG.blast.nt_prok_317.fna.gz_CP102281.1_838
Description: mG.blast.nt_prok_317.fna.gz_CP102281.1_838 assembly_id@mG.blast.nt_prok_317.fna.gz;contig_id@CP102281.1;CDS_id@mG.blast.nt_prok_317.fna.gz_CP102281.1_838;CDS_start@987188;CDS_end@990052;CDS_predict_score@217.2;CDS_strand@+;CDS_phase@0;Predigal_info@ID=838|partial=00|start_type=ATG|rbs_motif=GGAG/GAGG|rbs_spacer=5-10bp|gc_cont=0.398|conf=99.99|score=217.23|cscore=202.17|sscore=15.05|rscore=8.81|uscore=2.44|tscore=3.80;crispr_id@mG.blast.nt_prok_317.fna.gz+CP102281.1+74;crispr_start@997734;crispr_end@998035;crispr_extend_start@977734;crispr_extend_end@1018035;repeat_seq@GAACTACACCCGTGCAAAATTGCAGGGGTCTAAAAC;n_copies@5;n_repeats@36;n_spacers@30;overlapped_base_count@2864 ID=127_838;partial=00;start_type=ATG;rbs_motif=GGAG/GAGG;rbs_spacer=5-10bp;gc_cont=0.398;HEPN-1@[span=(294, 300),target=RHWCVH];HEPN-2@[span=(848, 854),target=RNTVCH];HEPN-count@2
Number of features: 0
Seq('MGKKIHARDLREQRKTDRTEKFADQNKKREAERAVPKKDAAVSVKSVSSVSSKK...QK*')","ID: mG.blast.nt_prok_317.fna.gz_CP102281.1_838
Name: mG.blast.nt_prok_317.fna.gz_CP102281.1_838
Description: mG.blast.nt_prok_317.fna.gz_CP102281.1_838 assembly_id@mG.blast.nt_prok_317.fna.gz;contig_id@CP102281.1;CDS_id@mG.blast.nt_prok_317.fna.gz_CP102281.1_838;CDS_start@987188;CDS_end@990052;CDS_predict_score@217.2;CDS_strand@+;CDS_phase@0;Predigal_info@ID=838|partial=00|start_type=ATG|rbs_motif=GGAG/GAGG|rbs_spacer=5-10bp|gc_cont=0.398|conf=99.99|score=217.23|cscore=202.17|sscore=15.05|rscore=8.81|uscore=2.44|tscore=3.80;crispr_id@mG.blast.nt_prok_317.fna.gz+CP102281.1+74;crispr_start@997734;crispr_end@998035;crispr_extend_start@977734;crispr_extend_end@1018035;repeat_seq@GAACTACACCCGTGCAAAATTGCAGGGGTCTAAAAC;n_copies@5;n_repeats@36;n_spacers@30;overlapped_base_count@2864 ID=127_838;partial=00;start_type=ATG;rbs_motif=GGAG/GAGG;rbs_spacer=5-10bp;gc_cont=0.398;HEPN-1@[span=(294, 300),target=RHWCVH];HEPN-2@[span=(848, 854),target=RNTVCH];HEPN-count@2
Number of features: 0
Seq('MGKKIHARDLREQRKTDRTEKFADQNKKREAERAVPKKDAAVSVKSVSSVSSKK...QK*')",mG.blast.nt_prok_317.fna.gz+CP102281.1+74,mG.blast.nt_prok_317.fna.gz+CP102281.1+74,mG.blast.nt_prok_317.fna.gz+CP102281.1+74,GAACTACACCCGTGCAAAATTGCAGGGGTCTAAAAC,....................................,36.0,36.0,CGGTGTTAGTGCCGAACGATATAGTCATTT,30.0,30.0,997734.0,100.0,GTATTTTGAG,0.0,0.0,0.0,0.0,mG.blast.nt_prok_317.fna.gz_CP102281.1_838,hypothetical protein EUBSIR_02687 [[Eubacterium] siraeum DSM 15702],gb|EDR99618.1|,100.0,0.0
mG.blast.nt_prok_595.fna.gz_CP024728.1_191,mG.blast.nt_prok_595.fna.gz_CP024728.1_191,"ID: mG.blast.nt_prok_595.fna.gz_CP024728.1_191
Name: mG.blast.nt_prok_595.fna.gz_CP024728.1_191
Description: mG.blast.nt_prok_595.fna.gz_CP024728.1_191 assembly_id@mG.blast.nt_prok_595.fna.gz;contig_id@CP024728.1;CDS_id@mG.blast.nt_prok_595.fna.gz_CP024728.1_191;CDS_start@263844;CDS_end@267290;CDS_predict_score@304.4;CDS_strand@-;CDS_phase@0;Predigal_info@ID=191|partial=00|start_type=ATG|rbs_motif=None|rbs_spacer=None|gc_cont=0.382|conf=99.99|score=304.39|cscore=303.85|sscore=0.54|rscore=-5.94|uscore=3.93|tscore=3.21;crispr_id@mG.blast.nt_prok_595.fna.gz+CP024728.1+9;crispr_start@263043;crispr_end@263214;crispr_extend_start@243043;crispr_extend_end@283214;repeat_seq@AGTTGTTTTTACCTTGCAAACAGCAGGCAGATGCAACGT;n_copies@3;n_repeats@39;n_spacers@26;overlapped_base_count@3446 ID=26_191;partial=00;start_type=ATG;rbs_motif=None;rbs_spacer=None;gc_cont=0.382;HEPN-1@[span=(134, 140),target=RNYYSH];HEPN-2@[span=(957, 964),target=HNIVKDR];HEPN-3@[span=(1084, 1090),target=RNAFSH];HEPN-count@3
Number of features: 0
Seq('MEDDKKTTESTNMLDNKHFWAAFLNLARHNVYITVNHINKVLELKNKKDQDIII...KE*')","ID: mG.blast.nt_prok_595.fna.gz_CP024728.1_191
Name: mG.blast.nt_prok_595.fna.gz_CP024728.1_191
Description: mG.blast.nt_prok_595.fna.gz_CP024728.1_191 assembly_id@mG.blast.nt_prok_595.fna.gz;contig_id@CP024728.1;CDS_id@mG.blast.nt_prok_595.fna.gz_CP024728.1_191;CDS_start@263844;CDS_end@267290;CDS_predict_score@304.4;CDS_strand@-;CDS_phase@0;Predigal_info@ID=191|partial=00|start_type=ATG|rbs_motif=None|rbs_spacer=None|gc_cont=0.382|conf=99.99|score=304.39|cscore=303.85|sscore=0.54|rscore=-5.94|uscore=3.93|tscore=3.21;crispr_id@mG.blast.nt_prok_595.fna.gz+CP024728.1+9;crispr_start@263043;crispr_end@263214;crispr_extend_start@243043;crispr_extend_end@283214;repeat_seq@AGTTGTTTTTACCTTGCAAACAGCAGGCAGATGCAACGT;n_copies@3;n_repeats@39;n_spacers@26;overlapped_base_count@3446 ID=26_191;partial=00;start_type=ATG;rbs_motif=None;rbs_spacer=None;gc_cont=0.382;HEPN-1@[span=(134, 140),target=RNYYSH];HEPN-2@[span=(957, 964),target=HNIVKDR];HEPN-3@[span=(1084, 1090),target=RNAFSH];HEPN-count@3
Number of features: 0
Seq('MEDDKKTTESTNMLDNKHFWAAFLNLARHNVYITVNHINKVLELKNKKDQDIII...KE*')",mG.blast.nt_prok_595.fna.gz+CP024728.1+9,mG.blast.nt_prok_595.fna.gz+CP024728.1+9,mG.blast.nt_prok_595.fna.gz+CP024728.1+9,AGTTGTTTTTACCTTGCAAACAGCAGGCAGATGCAACGT,.....................................AC,39.0,39.0,CCTTAAATAATGATAAGGGTTTCTAA,26.0,26.0,263043.0,94.0,AGTAATTGAT,0.7071067811865476,2.0,1.0,1.4142135623730951,mG.blast.nt_prok_595.fna.gz_CP024728.1_191,hypothetical protein CTM46_09915 [Prevotella intermedia],gb|ATV31835.1|,100.0,0.0
mG.blast.nt_prok_92.fna.gz_CP064984.1_1495,mG.blast.nt_prok_92.fna.gz_CP064984.1_1495,"ID: mG.blast.nt_prok_92.fna.gz_CP064984.1_1495
Name: mG.blast.nt_prok_92.fna.gz_CP064984.1_1495
Description: mG.blast.nt_prok_92.fna.gz_CP064984.1_1495 assembly_id@mG.blast.nt_prok_92.fna.gz;contig_id@CP064984.1;CDS_id@mG.blast.nt_prok_92.fna.gz_CP064984.1_1495;CDS_start@1853184;CDS_end@1856426;CDS_predict_score@116.0;CDS_strand@+;CDS_phase@0;Predigal_info@ID=1495|partial=00|start_type=ATG|rbs_motif=None|rbs_spacer=None|gc_cont=0.267|conf=100.00|score=116.01|cscore=115.58|sscore=0.43|rscore=-7.54|uscore=3.19|tscore=3.56;crispr_id@mG.blast.nt_prok_92.fna.gz+CP064984.1+46;crispr_start@1856497;crispr_end@1857456;crispr_extend_start@1836497;crispr_extend_end@1877456;repeat_seq@GTTGTGACACACCACATTTTGAAAGGTATTCACAAC;n_copies@15;n_repeats@36;n_spacers@29;overlapped_base_count@3242 ID=86_1495;partial=00;start_type=ATG;rbs_motif=None;rbs_spacer=None;gc_cont=0.267;HEPN-1@[span=(109, 115),target=RDFHSH];HEPN-2@[span=(937, 944),target=RNNGVIH];HEPN-3@[span=(1052, 1058),target=RNKIFH];HEPN-count@3
Number of features: 0
Seq('METNNKREKNYSQPTLEKNGELALFYNLAYNRISEYIKLQEKNAKDEIRDYFGD...NI*')","ID: mG.blast.nt_prok_92.fna.gz_CP064984.1_1495
Name: mG.blast.nt_prok_92.fna.gz_CP064984.1_1495
Description: mG.blast.nt_prok_92.fna.gz_CP064984.1_1495 assembly_id@mG.blast.nt_prok_92.fna.gz;contig_id@CP064984.1;CDS_id@mG.blast.nt_prok_92.fna.gz_CP064984.1_1495;CDS_start@1853184;CDS_end@1856426;CDS_predict_score@116.0;CDS_strand@+;CDS_phase@0;Predigal_info@ID=1495|partial=00|start_type=ATG|rbs_motif=None|rbs_spacer=None|gc_cont=0.267|conf=100.00|score=116.01|cscore=115.58|sscore=0.43|rscore=-7.54|uscore=3.19|tscore=3.56;crispr_id@mG.blast.nt_prok_92.fna.gz+CP064984.1+46;crispr_start@1856497;crispr_end@1857456;crispr_extend_start@1836497;crispr_extend_end@1877456;repeat_seq@GTTGTGACACACCACATTTTGAAAGGTATTCACAAC;n_copies@15;n_repeats@36;n_spacers@29;overlapped_base_count@3242 ID=86_1495;partial=00;start_type=ATG;rbs_motif=None;rbs_spacer=None;gc_cont=0.267;HEPN-1@[span=(109, 115),target=RDFHSH];HEPN-2@[span=(937, 944),target=RNNGVIH];HEPN-3@[span=(1052, 1058),target=RNKIFH];HEPN-count@3
Number of features: 0
Seq('METNNKREKNYSQPTLEKNGELALFYNLAYNRISEYIKLQEKNAKDEIRDYFGD...NI*')",mG.blast.nt_prok_92.fna.gz+CP064984.1+46,mG.blast.nt_prok_92.fna.gz+CP064984.1+46,mG.blast.nt_prok_92.fna.gz+CP064984.1+46,GTTGTGACACACCACATTTTGAAAGGTATTCACAAC,....................................,36.0,36.0,AATCTGCAACAGCAGTAGGTAAAACATATT,29.0,30.0,1856497.0,100.0,TAAACAAGCC,0.3631365196012814,0.0,0.0,0.0,mG.blast.nt_prok_92.fna.gz_CP064984.1_1495,hypothetical protein IPK18_08780 [Sphingobacteriales bacterium],gb|QQR96994.1|,100.0,0.0
mG.blast.ref_prok_rep_genomes_48.fna.gz_NZ_JAASUA010000001.1_297,mG.blast.ref_prok_rep_genomes_48.fna.gz_NZ_JAASUA010000001.1_297,"ID: mG.blast.ref_prok_rep_genomes_48.fna.gz_NZ_JAASUA010000001.1_297
Name: mG.blast.ref_prok_rep_genomes_48.fna.gz_NZ_JAASUA010000001.1_297
Description: mG.blast.ref_prok_rep_genomes_48.fna.gz_NZ_JAASUA010000001.1_297 assembly_id@mG.blast.ref_prok_rep_genomes_48.fna.gz;contig_id@NZ_JAASUA010000001.1;CDS_id@mG.blast.ref_prok_rep_genomes_48.fna.gz_NZ_JAASUA010000001.1_297;CDS_start@256162;CDS_end@259017;CDS_predict_score@243.3;CDS_strand@-;CDS_phase@0;Predigal_info@ID=297|partial=00|start_type=ATG|rbs_motif=GGAG/GAGG|rbs_spacer=5-10bp|gc_cont=0.295|conf=99.99|score=243.34|cscore=234.10|sscore=9.23|rscore=4.45|uscore=1.49|tscore=3.95;crispr_id@mG.blast.ref_prok_rep_genomes_48.fna.gz+NZ_JAASUA010000001.1+7;crispr_start@259191;crispr_end@259425;crispr_extend_start@239191;crispr_extend_end@279425;repeat_seq@GTTTTAGTCCTCTTTCATATAGAGGTAGTCTTTTAC;n_copies@4;n_repeats@36;n_spacers@29;overlapped_base_count@2855 ID=372_297;partial=00;start_type=ATG;rbs_motif=GGAG/GAGG;rbs_spacer=5-10bp;gc_cont=0.295;HEPN-1@[span=(450, 456),target=RNEIIH];HEPN-count@1
Number of features: 0
Seq('MRITKVEINRKKVLMSRDKYGGRLVYGSEKQDNTEQIMHRKKSSFYTSVVNKTI...VG*')","ID: mG.blast.ref_prok_rep_genomes_48.fna.gz_NZ_JAASUA010000001.1_297
Name: mG.blast.ref_prok_rep_genomes_48.fna.gz_NZ_JAASUA010000001.1_297
Description: mG.blast.ref_prok_rep_genomes_48.fna.gz_NZ_JAASUA010000001.1_297 assembly_id@mG.blast.ref_prok_rep_genomes_48.fna.gz;contig_id@NZ_JAASUA010000001.1;CDS_id@mG.blast.ref_prok_rep_genomes_48.fna.gz_NZ_JAASUA010000001.1_297;CDS_start@256162;CDS_end@259017;CDS_predict_score@243.3;CDS_strand@-;CDS_phase@0;Predigal_info@ID=297|partial=00|start_type=ATG|rbs_motif=GGAG/GAGG|rbs_spacer=5-10bp|gc_cont=0.295|conf=99.99|score=243.34|cscore=234.10|sscore=9.23|rscore=4.45|uscore=1.49|tscore=3.95;crispr_id@mG.blast.ref_prok_rep_genomes_48.fna.gz+NZ_JAASUA010000001.1+7;crispr_start@259191;crispr_end@259425;crispr_extend_start@239191;crispr_extend_end@279425;repeat_seq@GTTTTAGTCCTCTTTCATATAGAGGTAGTCTTTTAC;n_copies@4;n_repeats@36;n_spacers@29;overlapped_base_count@2855 ID=372_297;partial=00;start_type=ATG;rbs_motif=GGAG/GAGG;rbs_spacer=5-10bp;gc_cont=0.295;HEPN-1@[span=(450, 456),target=RNEIIH];HEPN-count@1
Number of features: 0
Seq('MRITKVEINRKKVLMSRDKYGGRLVYGSEKQDNTEQIMHRKKSSFYTSVVNKTI...VG*')",mG.blast.ref_prok_rep_genomes_48.fna.gz+NZ_JAASUA010000001.1+7,mG.blast.ref_prok_rep_genomes_48.fna.gz+NZ_JAASUA010000001.1+7,mG.blast.ref_prok_rep_genomes_48.fna.gz+NZ_JAASUA010000001.1+7,GTTTTAGTCCTCTTTCATATAGAGGTAGTCTTTTAC,....................................,36.0,36.0,CGTTAAAGTAAAAGTAAATGATTTTGACGG,29.0,30.0,259191.0,100.0,AAGATGGTAG,0.5773502691896263,0.0,0.0,0.0,mG.blast.ref_prok_rep_genomes_48.fna.gz_NZ_JAASUA010000001.1_297,type VI-A CRISPR-associated RNA-guided ribonuclease Cas13a [Listeria immobilis],ref|WP_222717875.1|,100.0,0.0
